[{"model": "posts.group", "pk": 1, "fields": {"title": "Google", "slug": "google", "description": "google"}}, {"model": "posts.post", "pk": 7, "fields": {"pub_date": "2022-11-19T17:17:05.817Z", "text": "About me:\r\n\r\nFor the past few years, I have been involved in the development of automated tests as a Software engineer in test. I am well versed in UI automation, API, which helps me to show good results in all directions. In view of experience, I often help colleagues in thinking through the architecture of autotests or their implementation. I independently lead projects with autotests from creating a repository and working out the architecture to containerization and integration into CI / CD. I managed to work in the field of information security and mobility aggregation.\r\n\r\nHow I started working as a software engineer in test almost from the first day I studied backend development. Half a year after the start of training and passing several small courses in the direction of python developer, I signed up for a course from Yandex Praktikum in the direction of python developer, where I studied backend for a year and wrote several good pet projects. Then I started to hone my skills doing freelance development (I wrote web applications for online stores, barbershops, etc.).\r\n\r\nAt the moment, I want to start developing product code already within the team and continue to improve my skills as a backend developer already within the company.", "author": 2, "group": 1, "image": "posts/photo_2022-05-14_21.21.41.jpeg"}}, {"model": "posts.post", "pk": 8, "fields": {"pub_date": "2022-11-19T17:17:42.368Z", "text": "Luxoft:\r\n\r\nSenior Software Engineer in TestSenior Software Engineer in Test\r\nLuxoft · Full-timeLuxoft · Full-time\r\nApr 2022 - Nov 2022 · 8 mosApr 2022 - Nov 2022 · 8 mos\r\nBelgrade, SerbiaBelgrade, Serbia\r\nProject Volkswagen Group:\r\nMicroservices for updating software in the car.\r\n\r\nWhat did you do while working for the company:\r\n * Described test artifacts\r\n * Developed API autotests\r\n * Create UML diagrams\r\n * Actively contributed to the company's testing framework\r\n * Advised colleagues on automation issues on their projects\r\n\r\nDuties:\r\n• maintaining a repository with autotests\r\n• development of api autotests\r\n• development and support of an internal framework for testing\r\n• сreating and Maintaining Test ArtifactsProject Volkswagen Group: Microservices for updating software in the car. What did you do while working for the company: * Described test artifacts * Developed API autotests * Create UML diagrams * Actively contributed to the company's testing framework * Advised colleagues on automation issues on their projects Duties: • maintaining a repository with autotests • development of api autotests • development and support of an internal framework for testing • сreating and Maintaining Test Artifacts\r\nSkills: Robot Framework · Apache · unittest · JavaScript · docker-compose · PostgreSQL · pytest · Python (Programming Language) · Selenium", "author": 2, "group": 1, "image": "posts/photo_2022-10-20_13.33.49.jpeg"}}, {"model": "posts.post", "pk": 9, "fields": {"pub_date": "2022-11-19T17:18:43.823Z", "text": "Citymobil:\r\n\r\nQA Automation EngineerQA Automation Engineer\r\nСитимобил | Citymobil · Full-timeСитимобил | Citymobil · Full-time\r\nAug 2021 - Mar 2022 · 8 mosAug 2021 - Mar 2022 · 8 mos\r\nProjects:\r\n1. Fleet:\r\nCRM system (Personal account) - personal section of the Partner of the driver in Citymobil.\r\n\r\n2. Back office:\r\nweb applications for back office infrastructure.\r\n\r\nWhat did you do while working for the company:\r\n * Described test artifacts for two projects in which he participated as QA Automation\r\n * Developed UI, API autotests on two projects\r\n * Conducted 2 product presentations\r\n * In a month, I organized api coverage with autotests, wrapped it in docker and organized integration into CI / CD\r\n * Developed a pool of ui/api autotests\r\n * Described test artifacts for all projects and integrated them into TestRail\r\n * Together with the product raised support on two projects in less than two weeks\r\n * Actively contributed to the company's testing framework\r\n * Added new practices to training and development within the QA team\r\n * Advised colleagues on automation issues on their projects\r\n * Participated in presentations at internal conferences\r\n\r\nDuties:\r\n• maintaining a repository with autotests\r\n• development of ui/api autotests\r\n• development and support of an internal framework for testing\r\n• product presentations\r\n• сreating and Maintaining Test Artifacts\r\n• сonducted presentations at internal conferencesProjects: 1. Fleet: CRM system (Personal account) - personal section of the Partner of the driver in Citymobil. 2. Back office: web applications for back office infrastructure. What did you do while working for the company: * Described test artifacts for two projects in which he participated as QA Automation * Developed UI, API autotests on two projects * Conducted 2 product presentations * In a month, I organized api coverage with autotests, wrapped it in docker and organized integration into CI / CD * Developed a pool of ui/api autotests * Described test artifacts for all projects and integrated them into TestRail * Together with the product raised support on two projects in less than two weeks * Actively contributed to the company's testing framework * Added new practices to training and development within the QA team * Advised colleagues on automation issues on their projects * Participated in presentations at internal conferences Duties: • maintaining a repository with autotests • development of ui/api autotests • development and support of an internal framework for testing • product presentations • сreating and Maintaining Test Artifacts • сonducted presentations at internal conferences\r\nSkills: allure · python - requests · Docker · Docker-compose · Gitlab · Gitlab CI · MySQL · Postman · Chrome Developer Tools · Kibana · Grafana · Sentry · xdist · pytest · Postman API · Python (Programming Language)", "author": 2, "group": 1, "image": "posts/photo_2022-07-19_12.41.29.jpeg"}}, {"model": "posts.post", "pk": 10, "fields": {"pub_date": "2022-11-19T17:20:08.400Z", "text": "Perspective monitoring:\r\n\r\nQA Automation EngineerQA Automation Engineer\r\nПерспективный мониторинг · Full-timeПерспективный мониторинг · Full-time\r\nJan 2020 - May 2021 · 1 yr 5 mosJan 2020 - May 2021 · 1 yr 5 mos\r\nМосква, Москва, РоссияМосква, Москва, Россия\r\nProjects: \r\n1. Tardis:\r\nWeb application for data analytics.\r\n2. Ampire:\r\nWeb application for cyber exercises.\r\n\r\nWhat did you do while working for the company:\r\n * Raised testing on 4 projects being the only QA Automation\r\n * Maintaining 3 projects with autotests\r\n * Developed a pool of ui/api autotests\r\n * Described test artifacts for all projects and integrated them into TestRail\r\n * Together with devops integrated autotests into zabbix (for regularly regression testing)\r\n * Carried out load testing and identified weaknesses in the products that were eliminated\r\n\r\nDuties:\r\n• automation lead on three projects\r\n• development of ui autotests\r\n• participation in product development\r\n• load testing\r\n• сreating and Maintaining Test Artifacts\r\n• product presentationsProjects: 1. Tardis: Web application for data analytics. 2. Ampire: Web application for cyber exercises. What did you do while working for the company: * Raised testing on 4 projects being the only QA Automation * Maintaining 3 projects with autotests * Developed a pool of ui/api autotests * Described test artifacts for all projects and integrated them into TestRail * Together with devops integrated autotests into zabbix (for regularly regression testing) * Carried out load testing and identified weaknesses in the products that were eliminated Duties: • automation lead on three projects • development of ui autotests • participation in product development • load testing • сreating and Maintaining Test Artifacts • product presentations\r\nSkills: selenium grid · Node.js · Behavior-Driven Development (BDD) · Devtools · Docker · Docker-compose · Postman · xdist · pytest · JMeter · Python (Programming Language) · Selenium", "author": 2, "group": 1, "image": "posts/photo_2022-05-14_21.21.39.jpeg"}}, {"model": "posts.comment", "pk": 8, "fields": {"post": 10, "author": 1, "text": "Красивый парень ", "created": "2022-11-19T17:24:14.730Z"}}, {"model": "posts.comment", "pk": 9, "fields": {"post": 10, "author": 1, "text": "Привет", "created": "2022-11-19T17:24:51.187Z"}}, {"model": "posts.comment", "pk": 10, "fields": {"post": 10, "author": 1, "text": "вафыв", "created": "2022-11-19T17:24:58.789Z"}}, {"model": "posts.comment", "pk": 11, "fields": {"post": 10, "author": 1, "text": "Аоха", "created": "2022-11-19T17:25:04.761Z"}}, {"model": "posts.comment", "pk": 12, "fields": {"post": 9, "author": 2, "text": "Hey", "created": "2022-11-19T17:27:06.645Z"}}, {"model": "posts.comment", "pk": 13, "fields": {"post": 9, "author": 1, "text": "Привет", "created": "2022-11-19T17:27:19.560Z"}}, {"model": "posts.comment", "pk": 14, "fields": {"post": 9, "author": 1, "text": "Привет", "created": "2022-11-19T17:28:18.993Z"}}, {"model": "posts.comment", "pk": 15, "fields": {"post": 9, "author": 2, "text": "aloha", "created": "2022-11-19T17:28:31.192Z"}}, {"model": "admin.logentry", "pk": 1, "fields": {"action_time": "2022-11-17T16:31:50.939Z", "user": 1, "content_type": 2, "object_id": "1", "object_repr": "Google", "action_flag": 1, "change_message": "[{\"added\": {}}]"}}, {"model": "admin.logentry", "pk": 2, "fields": {"action_time": "2022-11-17T16:32:02.536Z", "user": 1, "content_type": 1, "object_id": "1", "object_repr": "ggdfgfdgdfg", "action_flag": 1, "change_message": "[{\"added\": {}}]"}}, {"model": "admin.logentry", "pk": 3, "fields": {"action_time": "2022-11-17T22:46:30.424Z", "user": 1, "content_type": 3, "object_id": "1", "object_repr": "fsdfsdf", "action_flag": 1, "change_message": "[{\"added\": {}}]"}}, {"model": "admin.logentry", "pk": 4, "fields": {"action_time": "2022-11-18T02:26:17.873Z", "user": 1, "content_type": 1, "object_id": "1", "object_repr": "ggdfgfdgdfgfsdf", "action_flag": 3, "change_message": ""}}, {"model": "admin.logentry", "pk": 5, "fields": {"action_time": "2022-11-19T17:15:52.521Z", "user": 1, "content_type": 1, "object_id": "6", "object_repr": "CHECK BUG", "action_flag": 3, "change_message": ""}}, {"model": "admin.logentry", "pk": 6, "fields": {"action_time": "2022-11-19T17:15:52.525Z", "user": 1, "content_type": 1, "object_id": "4", "object_repr": "Luxoft logo\r\nSe", "action_flag": 3, "change_message": ""}}, {"model": "admin.logentry", "pk": 7, "fields": {"action_time": "2022-11-19T17:15:52.527Z", "user": 1, "content_type": 1, "object_id": "3", "object_repr": "For the past fe", "action_flag": 3, "change_message": ""}}, {"model": "admin.logentry", "pk": 8, "fields": {"action_time": "2022-11-19T17:17:05.820Z", "user": 1, "content_type": 1, "object_id": "7", "object_repr": "About me:\r\n\r\nFo", "action_flag": 1, "change_message": "[{\"added\": {}}]"}}, {"model": "admin.logentry", "pk": 9, "fields": {"action_time": "2022-11-19T17:17:42.371Z", "user": 1, "content_type": 1, "object_id": "8", "object_repr": "Luxoft:\r\n\r\nSeni", "action_flag": 1, "change_message": "[{\"added\": {}}]"}}, {"model": "admin.logentry", "pk": 10, "fields": {"action_time": "2022-11-19T17:18:43.826Z", "user": 1, "content_type": 1, "object_id": "9", "object_repr": "Citymobil:\r\n\r\nQ", "action_flag": 1, "change_message": "[{\"added\": {}}]"}}, {"model": "admin.logentry", "pk": 11, "fields": {"action_time": "2022-11-19T17:20:08.404Z", "user": 1, "content_type": 1, "object_id": "10", "object_repr": "Perspective mon", "action_flag": 1, "change_message": "[{\"added\": {}}]"}}, {"model": "admin.logentry", "pk": 12, "fields": {"action_time": "2022-11-19T17:21:42.539Z", "user": 1, "content_type": 1, "object_id": "7", "object_repr": "About me:\r\n\r\nFo", "action_flag": 2, "change_message": "[{\"changed\": {\"fields\": [\"\\u041a\\u0430\\u0440\\u0442\\u0438\\u043d\\u043a\\u0430\"]}}]"}}, {"model": "auth.permission", "pk": 1, "fields": {"name": "Can add post", "content_type": 1, "codename": "add_post"}}, {"model": "auth.permission", "pk": 2, "fields": {"name": "Can change post", "content_type": 1, "codename": "change_post"}}, {"model": "auth.permission", "pk": 3, "fields": {"name": "Can delete post", "content_type": 1, "codename": "delete_post"}}, {"model": "auth.permission", "pk": 4, "fields": {"name": "Can view post", "content_type": 1, "codename": "view_post"}}, {"model": "auth.permission", "pk": 5, "fields": {"name": "Can add group", "content_type": 2, "codename": "add_group"}}, {"model": "auth.permission", "pk": 6, "fields": {"name": "Can change group", "content_type": 2, "codename": "change_group"}}, {"model": "auth.permission", "pk": 7, "fields": {"name": "Can delete group", "content_type": 2, "codename": "delete_group"}}, {"model": "auth.permission", "pk": 8, "fields": {"name": "Can view group", "content_type": 2, "codename": "view_group"}}, {"model": "auth.permission", "pk": 9, "fields": {"name": "Can add comment", "content_type": 3, "codename": "add_comment"}}, {"model": "auth.permission", "pk": 10, "fields": {"name": "Can change comment", "content_type": 3, "codename": "change_comment"}}, {"model": "auth.permission", "pk": 11, "fields": {"name": "Can delete comment", "content_type": 3, "codename": "delete_comment"}}, {"model": "auth.permission", "pk": 12, "fields": {"name": "Can view comment", "content_type": 3, "codename": "view_comment"}}, {"model": "auth.permission", "pk": 13, "fields": {"name": "Can add follow", "content_type": 4, "codename": "add_follow"}}, {"model": "auth.permission", "pk": 14, "fields": {"name": "Can change follow", "content_type": 4, "codename": "change_follow"}}, {"model": "auth.permission", "pk": 15, "fields": {"name": "Can delete follow", "content_type": 4, "codename": "delete_follow"}}, {"model": "auth.permission", "pk": 16, "fields": {"name": "Can view follow", "content_type": 4, "codename": "view_follow"}}, {"model": "auth.permission", "pk": 17, "fields": {"name": "Can add log entry", "content_type": 5, "codename": "add_logentry"}}, {"model": "auth.permission", "pk": 18, "fields": {"name": "Can change log entry", "content_type": 5, "codename": "change_logentry"}}, {"model": "auth.permission", "pk": 19, "fields": {"name": "Can delete log entry", "content_type": 5, "codename": "delete_logentry"}}, {"model": "auth.permission", "pk": 20, "fields": {"name": "Can view log entry", "content_type": 5, "codename": "view_logentry"}}, {"model": "auth.permission", "pk": 21, "fields": {"name": "Can add permission", "content_type": 6, "codename": "add_permission"}}, {"model": "auth.permission", "pk": 22, "fields": {"name": "Can change permission", "content_type": 6, "codename": "change_permission"}}, {"model": "auth.permission", "pk": 23, "fields": {"name": "Can delete permission", "content_type": 6, "codename": "delete_permission"}}, {"model": "auth.permission", "pk": 24, "fields": {"name": "Can view permission", "content_type": 6, "codename": "view_permission"}}, {"model": "auth.permission", "pk": 25, "fields": {"name": "Can add group", "content_type": 7, "codename": "add_group"}}, {"model": "auth.permission", "pk": 26, "fields": {"name": "Can change group", "content_type": 7, "codename": "change_group"}}, {"model": "auth.permission", "pk": 27, "fields": {"name": "Can delete group", "content_type": 7, "codename": "delete_group"}}, {"model": "auth.permission", "pk": 28, "fields": {"name": "Can view group", "content_type": 7, "codename": "view_group"}}, {"model": "auth.permission", "pk": 29, "fields": {"name": "Can add user", "content_type": 8, "codename": "add_user"}}, {"model": "auth.permission", "pk": 30, "fields": {"name": "Can change user", "content_type": 8, "codename": "change_user"}}, {"model": "auth.permission", "pk": 31, "fields": {"name": "Can delete user", "content_type": 8, "codename": "delete_user"}}, {"model": "auth.permission", "pk": 32, "fields": {"name": "Can view user", "content_type": 8, "codename": "view_user"}}, {"model": "auth.permission", "pk": 33, "fields": {"name": "Can add content type", "content_type": 9, "codename": "add_contenttype"}}, {"model": "auth.permission", "pk": 34, "fields": {"name": "Can change content type", "content_type": 9, "codename": "change_contenttype"}}, {"model": "auth.permission", "pk": 35, "fields": {"name": "Can delete content type", "content_type": 9, "codename": "delete_contenttype"}}, {"model": "auth.permission", "pk": 36, "fields": {"name": "Can view content type", "content_type": 9, "codename": "view_contenttype"}}, {"model": "auth.permission", "pk": 37, "fields": {"name": "Can add session", "content_type": 10, "codename": "add_session"}}, {"model": "auth.permission", "pk": 38, "fields": {"name": "Can change session", "content_type": 10, "codename": "change_session"}}, {"model": "auth.permission", "pk": 39, "fields": {"name": "Can delete session", "content_type": 10, "codename": "delete_session"}}, {"model": "auth.permission", "pk": 40, "fields": {"name": "Can view session", "content_type": 10, "codename": "view_session"}}, {"model": "auth.permission", "pk": 41, "fields": {"name": "Can add kv store", "content_type": 11, "codename": "add_kvstore"}}, {"model": "auth.permission", "pk": 42, "fields": {"name": "Can change kv store", "content_type": 11, "codename": "change_kvstore"}}, {"model": "auth.permission", "pk": 43, "fields": {"name": "Can delete kv store", "content_type": 11, "codename": "delete_kvstore"}}, {"model": "auth.permission", "pk": 44, "fields": {"name": "Can view kv store", "content_type": 11, "codename": "view_kvstore"}}, {"model": "auth.user", "pk": 1, "fields": {"password": "pbkdf2_sha256$216000$52i8nq0GFUHP$IlKCR5NpLWHELzk/lyhYcayYGVOWvmb9AuA6mLIdd6Y=", "last_login": "2022-11-19T17:28:12.218Z", "is_superuser": true, "username": "admin", "first_name": "", "last_name": "", "email": "", "is_staff": true, "is_active": true, "date_joined": "2022-11-17T16:31:28.170Z", "groups": [], "user_permissions": []}}, {"model": "auth.user", "pk": 2, "fields": {"password": "pbkdf2_sha256$216000$K0NIIA5H6leH$4yfPCQD3oLgLzCbNfwFZKd424fa5EimVKeOJq6OMavA=", "last_login": "2022-11-19T17:26:06.420Z", "is_superuser": false, "username": "HeyDevAslan@gmail.com", "first_name": "Аслан", "last_name": "Гурбанов", "email": "HeyDevAslan@gmail.com", "is_staff": false, "is_active": true, "date_joined": "2022-11-18T02:23:18.896Z", "groups": [], "user_permissions": []}}, {"model": "auth.user", "pk": 3, "fields": {"password": "pbkdf2_sha256$216000$Dqs7vQhCSHL9$2NVUkH1ziGwd10TFHzweEx3V/sIwjBItxq0ySt/Z3qI=", "last_login": "2022-11-19T17:23:42.117Z", "is_superuser": false, "username": "anton", "first_name": "Антон", "last_name": "Фоминов", "email": "anton@mail.ru", "is_staff": false, "is_active": true, "date_joined": "2022-11-18T02:28:26.411Z", "groups": [], "user_permissions": []}}, {"model": "contenttypes.contenttype", "pk": 1, "fields": {"app_label": "posts", "model": "post"}}, {"model": "contenttypes.contenttype", "pk": 2, "fields": {"app_label": "posts", "model": "group"}}, {"model": "contenttypes.contenttype", "pk": 3, "fields": {"app_label": "posts", "model": "comment"}}, {"model": "contenttypes.contenttype", "pk": 4, "fields": {"app_label": "posts", "model": "follow"}}, {"model": "contenttypes.contenttype", "pk": 5, "fields": {"app_label": "admin", "model": "logentry"}}, {"model": "contenttypes.contenttype", "pk": 6, "fields": {"app_label": "auth", "model": "permission"}}, {"model": "contenttypes.contenttype", "pk": 7, "fields": {"app_label": "auth", "model": "group"}}, {"model": "contenttypes.contenttype", "pk": 8, "fields": {"app_label": "auth", "model": "user"}}, {"model": "contenttypes.contenttype", "pk": 9, "fields": {"app_label": "contenttypes", "model": "contenttype"}}, {"model": "contenttypes.contenttype", "pk": 10, "fields": {"app_label": "sessions", "model": "session"}}, {"model": "contenttypes.contenttype", "pk": 11, "fields": {"app_label": "thumbnail", "model": "kvstore"}}, {"model": "sessions.session", "pk": "a5eyhnvr1m7gwlrlildh9p661x1e301r", "fields": {"session_data": ".eJxVjEEOwiAUBe_C2pACoYBL956BPPi_UjU0Ke2q8e62SRe6fTPzNhGxLiWujec4krgKJS6_W0J-cT0APVEfk8xTXeYxyUORJ23yPhG_b6f7d1DQyl4bxaF3yjvHGiEYGmzmQcNqm8mn7Lu-9-wpwBhiB2D3FVyC7cAE8fkC6Wg40A:1ovneE:geeFq5hN8CqRThBfCySAmOpPtqKJRFAlyGCScXgy-YQ", "expire_date": "2022-12-01T22:46:18.813Z"}}, {"model": "sessions.session", "pk": "eqk9ve8uldzmokebtoa1x4qghlgtb7l0", "fields": {"session_data": ".eJxVjDsOwjAQRO_iGlnaXczalPScwVr_cAA5UpxUEXcnkVJAN5r3ZlblZZmrX3qe_JDUVZE6_XZB4iu3HaSntMeo49jmaQh6V_RBu76PKb9vh_t3UKXXbW1cKODQnFEAySJYTGiNESmGAgcmomgdEufCABfcUuBIObGD5Jz6fAGu2TaS:1owRYB:NUp5t5NcEtA1US_qekGFDF0QLsSYfJwN3CC46yDJGJs", "expire_date": "2022-12-03T17:22:43.170Z"}}, {"model": "sessions.session", "pk": "gg5ujyl4463mybxilsds03b7gvjkyvgq", "fields": {"session_data": ".eJxVjEEOwiAUBe_C2pACoYBL956BPPi_UjU0Ke2q8e62SRe6fTPzNhGxLiWujec4krgKJS6_W0J-cT0APVEfk8xTXeYxyUORJ23yPhG_b6f7d1DQyl4bxaF3yjvHGiEYGmzmQcNqm8mn7Lu-9-wpwBhiB2D3FVyC7cAE8fkC6Wg40A:1ovnwd:tIpLNOxVxk1SuRdoDbDaaxM5w5cYcmwPge4pFT1fcMk", "expire_date": "2022-12-01T23:05:19.218Z"}}, {"model": "sessions.session", "pk": "h4lszc625qgdpz6uiyvqvzoilg9u5xm6", "fields": {"session_data": ".eJxVjEEOwiAUBe_C2pACoYBL956BPPi_UjU0Ke2q8e62SRe6fTPzNhGxLiWujec4krgKJS6_W0J-cT0APVEfk8xTXeYxyUORJ23yPhG_b6f7d1DQyl4bxaF3yjvHGiEYGmzmQcNqm8mn7Lu-9-wpwBhiB2D3FVyC7cAE8fkC6Wg40A:1owRdU:udoQzYZyn-odyBQy1O7E1hoyG8M_kDLUj6K6aqLTiqs", "expire_date": "2022-12-03T17:28:12.225Z"}}, {"model": "sessions.session", "pk": "i1u66suuykw5pwazhxlcamqbhiyjgbpg", "fields": {"session_data": ".eJxVjEEOwiAUBe_C2pACoYBL956BPPi_UjU0Ke2q8e62SRe6fTPzNhGxLiWujec4krgKJS6_W0J-cT0APVEfk8xTXeYxyUORJ23yPhG_b6f7d1DQyl4bxaF3yjvHGiEYGmzmQcNqm8mn7Lu-9-wpwBhiB2D3FVyC7cAE8fkC6Wg40A:1owRcL:ljN90NYAf6wvsCRwBIibQp11hy5toeb_66Yw889q1v0", "expire_date": "2022-12-03T17:27:01.537Z"}}, {"model": "sessions.session", "pk": "kc0h8hmhzotpvd2vzntaf3fakluudxmz", "fields": {"session_data": ".eJxVjDsOwjAQRO_iGlnaXczalPScwVr_cAA5UpxUEXcnkVJAN5r3ZlblZZmrX3qe_JDUVZE6_XZB4iu3HaSntMeo49jmaQh6V_RBu76PKb9vh_t3UKXXbW1cKODQnFEAySJYTGiNESmGAgcmomgdEufCABfcUuBIObGD5Jz6fAGu2TaS:1owRZ8:_EOt1PDxPQ2EmDE8eZqynxhOZQBwq5yswek9y3AUa5Q", "expire_date": "2022-12-03T17:23:42.122Z"}}, {"model": "sessions.session", "pk": "tld8c6wboquxphygqz6gvqp49a02brr7", "fields": {"session_data": ".eJxVjDsOwjAQBe_iGlmsf7Eo6TmDtd7d4ACypTipEHcnkVJAOzPvvVXCdSlp7TKnidVFGXX6ZRnpKXUX_MB6b5paXeYp6z3Rh-361lhe16P9OyjYy7YGT96wZSsEo3UUGQKxeBr8mQziKBJ8toBuA-hCpgAYCGL0wcFg1OcL-XI37A:1owRbS:4aJ1IWSfmx44AWC8EnPg-hAOP4dHhaESUd7wq9y73oc", "expire_date": "2022-12-03T17:26:06.425Z"}}, {"model": "sessions.session", "pk": "vvs2f9h4aak1qjqnl78jkrld4mh7uuo4", "fields": {"session_data": ".eJxVjDsOwjAQBe_iGlmsf7Eo6TmDtd7d4ACypTipEHcnkVJAOzPvvVXCdSlp7TKnidVFGXX6ZRnpKXUX_MB6b5paXeYp6z3Rh-361lhe16P9OyjYy7YGT96wZSsEo3UUGQKxeBr8mQziKBJ8toBuA-hCpgAYCGL0wcFg1OcL-XI37A:1ovr86:CDJGrmYgL-QPBis4MRjuQxm0Sqyofy5XLfLelPpL7p0", "expire_date": "2022-12-02T02:29:22.484Z"}}, {"model": "sessions.session", "pk": "ypui86x5y340hzxjlauakmfgdybgi21v", "fields": {"session_data": ".eJxVjDsOwjAQRO_iGlnaXczalPScwVr_cAA5UpxUEXcnkVJAN5r3ZlblZZmrX3qe_JDUVZE6_XZB4iu3HaSntMeo49jmaQh6V_RBu76PKb9vh_t3UKXXbW1cKODQnFEAySJYTGiNESmGAgcmomgdEufCABfcUuBIObGD5Jz6fAGu2TaS:1ovr7S:j3YS36dZ_55DpqoZcVvv0SR1JS4MS2LxKuyqxypl8Cc", "expire_date": "2022-12-02T02:28:42.900Z"}}, {"model": "thumbnail.kvstore", "pk": "sorl-thumbnail||image||03076165a6b31e5d9084f1eb34fc77c9", "fields": {"value": "{\"name\": \"cache/39/3b/393bc06721633c45cd321a56e845432c.jpg\", \"storage\": \"django.core.files.storage.FileSystemStorage\", \"size\": [960, 339]}"}}, {"model": "thumbnail.kvstore", "pk": "sorl-thumbnail||image||102600c6075c07cbb54a6c61bdddc79c", "fields": {"value": "{\"name\": \"cache/d4/b0/d4b051cc43bc0160d7858b73e1577fcc.jpg\", \"storage\": \"django.core.files.storage.FileSystemStorage\", \"size\": [960, 339]}"}}, {"model": "thumbnail.kvstore", "pk": "sorl-thumbnail||image||23e8e108e4e534346a723205b0089d89", "fields": {"value": "{\"name\": \"cache/c9/49/c949f560d5280070f3e9d478dbd343b2.jpg\", \"storage\": \"django.core.files.storage.FileSystemStorage\", \"size\": [960, 339]}"}}, {"model": "thumbnail.kvstore", "pk": "sorl-thumbnail||image||24acab403bd574da0652b808540319bf", "fields": {"value": "{\"name\": \"cache/da/fb/dafb0af9ee2eff1df2970e8958685c3b.jpg\", \"storage\": \"django.core.files.storage.FileSystemStorage\", \"size\": [960, 339]}"}}, {"model": "thumbnail.kvstore", "pk": "sorl-thumbnail||image||38d8e100ce1d464ee5b7cb0e5a439d52", "fields": {"value": "{\"name\": \"posts/photo_2022-10-20_13.40.01.jpeg\", \"storage\": \"django.core.files.storage.FileSystemStorage\", \"size\": [960, 1280]}"}}, {"model": "thumbnail.kvstore", "pk": "sorl-thumbnail||image||49dd5a32eeb1d304c55d08f4cf3df65c", "fields": {"value": "{\"name\": \"posts/photo_2022-11-18_03-27-30.jpg\", \"storage\": \"django.core.files.storage.FileSystemStorage\", \"size\": [960, 1280]}"}}, {"model": "thumbnail.kvstore", "pk": "sorl-thumbnail||image||53f30c7befe039d1a7a315a30d982c45", "fields": {"value": "{\"name\": \"cache/9d/11/9d11576d98b717caa0b273af7eea80f1.jpg\", \"storage\": \"django.core.files.storage.FileSystemStorage\", \"size\": [960, 339]}"}}, {"model": "thumbnail.kvstore", "pk": "sorl-thumbnail||image||67b13c3a85506c22aa05fd7a098e26fd", "fields": {"value": "{\"name\": \"cache/7d/9a/7d9ae8bb4a9cca72d5785e012ecf9b56.jpg\", \"storage\": \"django.core.files.storage.FileSystemStorage\", \"size\": [960, 339]}"}}, {"model": "thumbnail.kvstore", "pk": "sorl-thumbnail||image||6e8cbb9685ef8a4d4ebe7786aa60884f", "fields": {"value": "{\"name\": \"posts/photo_2022-10-20_13.33.49.jpeg\", \"storage\": \"django.core.files.storage.FileSystemStorage\", \"size\": [960, 1280]}"}}, {"model": "thumbnail.kvstore", "pk": "sorl-thumbnail||image||8253ca6ec45688e5fd18f96946588820", "fields": {"value": "{\"name\": \"posts/photo_2022-11-18_03-27-30_wTSMrIa.jpg\", \"storage\": \"django.core.files.storage.FileSystemStorage\", \"size\": [960, 1280]}"}}, {"model": "thumbnail.kvstore", "pk": "sorl-thumbnail||image||995249c2447eb8cbf36da00823c63c69", "fields": {"value": "{\"name\": \"posts/photo_2022-05-14_21.21.41.jpeg\", \"storage\": \"django.core.files.storage.FileSystemStorage\", \"size\": [936, 816]}"}}, {"model": "thumbnail.kvstore", "pk": "sorl-thumbnail||image||d6d17b458cbe82daabd2faf1d5bf1b55", "fields": {"value": "{\"name\": \"cache/78/23/7823559b3f3ba82edb3cbc71df5fb570.jpg\", \"storage\": \"django.core.files.storage.FileSystemStorage\", \"size\": [960, 339]}"}}, {"model": "thumbnail.kvstore", "pk": "sorl-thumbnail||image||eda66ba0a09ef349112ce90134dcc54b", "fields": {"value": "{\"name\": \"posts/photo_2022-11-18_03-27-30_kxCekpw.jpg\", \"storage\": \"django.core.files.storage.FileSystemStorage\", \"size\": [960, 1280]}"}}, {"model": "thumbnail.kvstore", "pk": "sorl-thumbnail||image||f08da1acf0ad91d5cf7f71aa2fc3e26f", "fields": {"value": "{\"name\": \"cache/3c/59/3c59f9b93ef63ac732175bbb8aede162.jpg\", \"storage\": \"django.core.files.storage.FileSystemStorage\", \"size\": [960, 339]}"}}, {"model": "thumbnail.kvstore", "pk": "sorl-thumbnail||image||f6a6bb6087d4bbcbf44f4f0a96fb7745", "fields": {"value": "{\"name\": \"posts/photo_2022-07-19_12.41.29.jpeg\", \"storage\": \"django.core.files.storage.FileSystemStorage\", \"size\": [936, 816]}"}}, {"model": "thumbnail.kvstore", "pk": "sorl-thumbnail||image||fa4f32554d668151da0ba412ab1f0aa8", "fields": {"value": "{\"name\": \"posts/photo_2022-05-14_21.21.39.jpeg\", \"storage\": \"django.core.files.storage.FileSystemStorage\", \"size\": [960, 1280]}"}}, {"model": "thumbnail.kvstore", "pk": "sorl-thumbnail||thumbnails||38d8e100ce1d464ee5b7cb0e5a439d52", "fields": {"value": "[\"24acab403bd574da0652b808540319bf\"]"}}, {"model": "thumbnail.kvstore", "pk": "sorl-thumbnail||thumbnails||49dd5a32eeb1d304c55d08f4cf3df65c", "fields": {"value": "[\"67b13c3a85506c22aa05fd7a098e26fd\"]"}}, {"model": "thumbnail.kvstore", "pk": "sorl-thumbnail||thumbnails||6e8cbb9685ef8a4d4ebe7786aa60884f", "fields": {"value": "[\"03076165a6b31e5d9084f1eb34fc77c9\"]"}}, {"model": "thumbnail.kvstore", "pk": "sorl-thumbnail||thumbnails||8253ca6ec45688e5fd18f96946588820", "fields": {"value": "[\"f08da1acf0ad91d5cf7f71aa2fc3e26f\"]"}}, {"model": "thumbnail.kvstore", "pk": "sorl-thumbnail||thumbnails||995249c2447eb8cbf36da00823c63c69", "fields": {"value": "[\"23e8e108e4e534346a723205b0089d89\"]"}}, {"model": "thumbnail.kvstore", "pk": "sorl-thumbnail||thumbnails||eda66ba0a09ef349112ce90134dcc54b", "fields": {"value": "[\"102600c6075c07cbb54a6c61bdddc79c\"]"}}, {"model": "thumbnail.kvstore", "pk": "sorl-thumbnail||thumbnails||f6a6bb6087d4bbcbf44f4f0a96fb7745", "fields": {"value": "[\"53f30c7befe039d1a7a315a30d982c45\"]"}}, {"model": "thumbnail.kvstore", "pk": "sorl-thumbnail||thumbnails||fa4f32554d668151da0ba412ab1f0aa8", "fields": {"value": "[\"d6d17b458cbe82daabd2faf1d5bf1b55\"]"}}]
