[{"model": "posts.group", "pk": 1, "fields": {"title": "Google", "slug": "google", "description": "Группа приверженцев Google."}}, {"model": "posts.group", "pk": 2, "fields": {"title": "Yandex", "slug": "yandex", "description": "Группа приверженцев yandex."}}, {"model": "posts.group", "pk": 3, "fields": {"title": "Mail", "slug": "mail", "description": "Группа приверженцев mail."}}, {"model": "posts.post", "pk": 2, "fields": {"pub_date": "2021-08-29T11:35:41.970Z", "text": "Администрация YouTube не удалила около 5 тыс. запрещённых материалов, в том числе экстремистских и террористических организаций, заявил Роскомнадзор. Ведомство отметило, что видеохостинг игнорирует его требования и об удалении фейков о коронавирусе.", "author": 2, "group": 1, "image": "posts/YouTube-Logo.jpeg"}}, {"model": "posts.post", "pk": 3, "fields": {"pub_date": "2021-08-29T11:35:41.970Z", "text": "Антимонопольный регулятор Франции выписал штраф в отношении корпорации Google в размере €500 млн.", "author": 2, "group": 1, "image": "posts/Google-utochnil-chto-novye-ruchnye-sankcii-po-Novostyam-i-Discover.jpeg"}}, {"model": "posts.post", "pk": 4, "fields": {"pub_date": "2021-08-29T11:35:41.970Z", "text": "Более 30 американских штатов подали иск против компании Google из-за нарушения антимонопольного законодательства.", "author": 2, "group": 1, "image": "posts/bolee-30-amerikanskih-shtatov-podali-isk-k-google-iz-za-komissii.png"}}, {"model": "posts.post", "pk": 5, "fields": {"pub_date": "2021-08-29T11:35:41.970Z", "text": "Бывший президент США Дональд Трамп подаёт судебные иски против компаний Facebook, Google и Twitter, а также против их директоров Марка Цукерберга, Сундара Пичаи и Джека Дорси.", "author": 2, "group": 1, "image": "posts/2b036ffb02941547e994eaea82fbbaa26b-15-google-facebook-twitter.rsocial.w1200.jpg"}}, {"model": "posts.post", "pk": 6, "fields": {"pub_date": "2021-08-29T11:35:41.970Z", "text": "Транспортная прокуратура просит Мещанский суд Москвы о запрете компании Google размещения в свободном доступе информации, пропагандирующей деятельность зацеперов.", "author": 2, "group": 1, "image": "posts/Google.png"}}, {"model": "posts.post", "pk": 7, "fields": {"pub_date": "2021-08-29T11:35:41.970Z", "text": "Компанию Google могут оштрафовать ещё на сумму до 12 млн рублей за отказ удалить запрещённый контент по требованию Роскомнадзора. Об этом сообщает ТАСС со ссылкой на 422-й мировой судебный участок Москвы.", "author": 2, "group": 1, "image": "posts/070621-google-ads-m.webp"}}, {"model": "posts.post", "pk": 8, "fields": {"pub_date": "2021-08-29T11:35:41.970Z", "text": "Mail.ru Group уволила Юрия Гурского – вице-президента группы по новым продуктам, рассказали «Ведомостям» два источника в компании и подтвердил вице-президент Mail.ru Group Дмитрий Сергеев. «Мы его уволили из-за конфликта интересов», - уточнил он. Гурский, работая в компании, занимался сторонними проектами и получал доли в этих проектах, не учитывая интересы работодателя, утверждает Сергеев. Близкий к группе человек говорит, что Гурскому были отправлены документы об увольнении", "author": 2, "group": 3, "image": "posts/maxresdefault.jpeg"}}, {"model": "posts.post", "pk": 120, "fields": {"pub_date": "2021-09-07T22:25:36.966Z", "text": "ALOHA", "author": 4, "group": 1, "image": ""}}, {"model": "posts.post", "pk": 121, "fields": {"pub_date": "2021-09-08T20:06:30.089Z", "text": "gdfg", "author": 2, "group": 2, "image": ""}}, {"model": "posts.post", "pk": 127, "fields": {"pub_date": "2022-01-04T16:57:56.058Z", "text": "ываываываыва", "author": 1, "group": null, "image": ""}}, {"model": "posts.post", "pk": 129, "fields": {"pub_date": "2022-01-04T23:04:24.081Z", "text": "авсывсмчм", "author": 1, "group": 1, "image": "posts/Screenshot_2021-09-23_at_15.30.00.png"}}, {"model": "posts.post", "pk": 130, "fields": {"pub_date": "2022-01-04T23:04:24.866Z", "text": "авсывсмчм", "author": 1, "group": 1, "image": "posts/Screenshot_2021-09-23_at_15.30.00_c88ypUR.png"}}, {"model": "posts.post", "pk": 131, "fields": {"pub_date": "2022-01-04T23:04:34.434Z", "text": "ваыва", "author": 1, "group": 1, "image": "posts/Screenshot_2021-09-23_at_15.30.00_qRop2RV.png"}}, {"model": "posts.post", "pk": 132, "fields": {"pub_date": "2022-01-04T23:05:13.166Z", "text": "вфвфывф", "author": 1, "group": 2, "image": "posts/2021-09-05_06.19.00.jpg"}}, {"model": "posts.post", "pk": 133, "fields": {"pub_date": "2022-01-04T23:26:58.712Z", "text": "cfsdfsdf", "author": 1, "group": 1, "image": "posts/Screenshot_2021-09-23_at_15.30.00_r1qCZLJ.png"}}, {"model": "posts.post", "pk": 134, "fields": {"pub_date": "2022-01-04T23:27:46.776Z", "text": "sdfsdfsdf", "author": 1, "group": 1, "image": "posts/2021-09-05_06.19.00_euvKben.jpg"}}, {"model": "posts.comment", "pk": 120, "fields": {"post": 121, "author": 1, "text": "sdfsdf", "created": "2022-01-03T23:38:14.303Z"}}, {"model": "posts.comment", "pk": 121, "fields": {"post": 121, "author": 1, "text": "sadasd", "created": "2022-01-03T23:40:09.100Z"}}, {"model": "posts.comment", "pk": 122, "fields": {"post": 121, "author": 1, "text": "fsdffsdfsdfsdferfr34r4", "created": "2022-01-03T23:42:24.449Z"}}, {"model": "posts.comment", "pk": 123, "fields": {"post": 121, "author": 1, "text": "fsdfsdf", "created": "2022-01-03T23:43:03.064Z"}}, {"model": "posts.comment", "pk": 124, "fields": {"post": 120, "author": 1, "text": "fsdfsdf", "created": "2022-01-03T23:45:16.535Z"}}, {"model": "posts.comment", "pk": 125, "fields": {"post": 120, "author": 1, "text": "fsdfsd", "created": "2022-01-03T23:45:29.282Z"}}, {"model": "posts.comment", "pk": 126, "fields": {"post": 120, "author": 1, "text": "fsdf", "created": "2022-01-03T23:45:37.863Z"}}, {"model": "posts.comment", "pk": 127, "fields": {"post": 120, "author": 1, "text": "fsdfsdf", "created": "2022-01-03T23:51:37.259Z"}}, {"model": "posts.comment", "pk": 128, "fields": {"post": 120, "author": 1, "text": "fsdfsdf", "created": "2022-01-03T23:51:50.330Z"}}, {"model": "posts.comment", "pk": 129, "fields": {"post": 120, "author": 1, "text": "gefgsg", "created": "2022-01-03T23:51:55.919Z"}}, {"model": "posts.comment", "pk": 130, "fields": {"post": 120, "author": 1, "text": "fsdfsdf", "created": "2022-01-03T23:52:02.749Z"}}, {"model": "posts.comment", "pk": 131, "fields": {"post": 120, "author": 1, "text": "sdfsdfef3", "created": "2022-01-03T23:52:10.712Z"}}, {"model": "posts.follow", "pk": 647, "fields": {"user": 2, "author": 1}}, {"model": "posts.follow", "pk": 654, "fields": {"user": 1, "author": 2}}, {"model": "admin.logentry", "pk": 1, "fields": {"action_time": "2021-07-18T18:00:58.097Z", "user": 1, "content_type": 7, "object_id": "1", "object_repr": "Post object (1)", "action_flag": 1, "change_message": "[{\"added\": {}}]"}}, {"model": "admin.logentry", "pk": 2, "fields": {"action_time": "2021-07-18T18:04:52.713Z", "user": 1, "content_type": 7, "object_id": "1", "object_repr": "Post object (1)", "action_flag": 2, "change_message": "[]"}}, {"model": "admin.logentry", "pk": 3, "fields": {"action_time": "2021-07-18T18:05:07.486Z", "user": 1, "content_type": 7, "object_id": "1", "object_repr": "Post object (1)", "action_flag": 2, "change_message": "[]"}}, {"model": "admin.logentry", "pk": 4, "fields": {"action_time": "2021-07-18T20:44:16.001Z", "user": 2, "content_type": 8, "object_id": "1", "object_repr": "Group object (1)", "action_flag": 1, "change_message": "[{\"added\": {}}]"}}, {"model": "admin.logentry", "pk": 5, "fields": {"action_time": "2021-07-18T20:44:30.576Z", "user": 2, "content_type": 8, "object_id": "2", "object_repr": "Group object (2)", "action_flag": 1, "change_message": "[{\"added\": {}}]"}}, {"model": "admin.logentry", "pk": 6, "fields": {"action_time": "2021-07-18T20:44:41.435Z", "user": 2, "content_type": 8, "object_id": "3", "object_repr": "Group object (3)", "action_flag": 1, "change_message": "[{\"added\": {}}]"}}, {"model": "admin.logentry", "pk": 7, "fields": {"action_time": "2021-07-18T20:45:05.588Z", "user": 2, "content_type": 7, "object_id": "1", "object_repr": "Post object (1)", "action_flag": 3, "change_message": ""}}, {"model": "admin.logentry", "pk": 8, "fields": {"action_time": "2021-07-18T20:48:54.005Z", "user": 2, "content_type": 7, "object_id": "2", "object_repr": "Post object (2)", "action_flag": 1, "change_message": "[{\"added\": {}}]"}}, {"model": "admin.logentry", "pk": 9, "fields": {"action_time": "2021-07-18T20:49:08.295Z", "user": 2, "content_type": 7, "object_id": "3", "object_repr": "Post object (3)", "action_flag": 1, "change_message": "[{\"added\": {}}]"}}, {"model": "admin.logentry", "pk": 10, "fields": {"action_time": "2021-07-18T20:49:25.644Z", "user": 2, "content_type": 7, "object_id": "4", "object_repr": "Post object (4)", "action_flag": 1, "change_message": "[{\"added\": {}}]"}}, {"model": "admin.logentry", "pk": 11, "fields": {"action_time": "2021-07-18T20:49:37.766Z", "user": 2, "content_type": 7, "object_id": "5", "object_repr": "Post object (5)", "action_flag": 1, "change_message": "[{\"added\": {}}]"}}, {"model": "admin.logentry", "pk": 12, "fields": {"action_time": "2021-07-18T20:49:50.311Z", "user": 2, "content_type": 7, "object_id": "6", "object_repr": "Post object (6)", "action_flag": 1, "change_message": "[{\"added\": {}}]"}}, {"model": "admin.logentry", "pk": 13, "fields": {"action_time": "2021-07-18T20:50:29.953Z", "user": 2, "content_type": 7, "object_id": "7", "object_repr": "Post object (7)", "action_flag": 1, "change_message": "[{\"added\": {}}]"}}, {"model": "admin.logentry", "pk": 14, "fields": {"action_time": "2021-07-18T20:52:05.719Z", "user": 2, "content_type": 7, "object_id": "8", "object_repr": "Post object (8)", "action_flag": 1, "change_message": "[{\"added\": {}}]"}}, {"model": "admin.logentry", "pk": 15, "fields": {"action_time": "2021-07-18T20:52:44.134Z", "user": 2, "content_type": 7, "object_id": "9", "object_repr": "Post object (9)", "action_flag": 1, "change_message": "[{\"added\": {}}]"}}, {"model": "admin.logentry", "pk": 16, "fields": {"action_time": "2021-07-18T20:54:31.091Z", "user": 2, "content_type": 7, "object_id": "10", "object_repr": "Post object (10)", "action_flag": 1, "change_message": "[{\"added\": {}}]"}}, {"model": "admin.logentry", "pk": 17, "fields": {"action_time": "2021-07-18T20:55:15.877Z", "user": 2, "content_type": 7, "object_id": "11", "object_repr": "Post object (11)", "action_flag": 1, "change_message": "[{\"added\": {}}]"}}, {"model": "admin.logentry", "pk": 18, "fields": {"action_time": "2021-07-18T20:55:50.112Z", "user": 2, "content_type": 7, "object_id": "12", "object_repr": "Post object (12)", "action_flag": 1, "change_message": "[{\"added\": {}}]"}}, {"model": "admin.logentry", "pk": 19, "fields": {"action_time": "2021-07-18T20:56:07.403Z", "user": 2, "content_type": 7, "object_id": "13", "object_repr": "Post object (13)", "action_flag": 1, "change_message": "[{\"added\": {}}]"}}, {"model": "admin.logentry", "pk": 20, "fields": {"action_time": "2021-07-18T21:08:40.712Z", "user": 2, "content_type": 4, "object_id": "2", "object_repr": "aslan", "action_flag": 2, "change_message": "[{\"changed\": {\"fields\": [\"first_name\", \"last_name\"]}}]"}}, {"model": "admin.logentry", "pk": 21, "fields": {"action_time": "2021-07-18T21:08:50.593Z", "user": 2, "content_type": 4, "object_id": "1", "object_repr": "admin", "action_flag": 2, "change_message": "[{\"changed\": {\"fields\": [\"first_name\", \"last_name\"]}}]"}}, {"model": "admin.logentry", "pk": 22, "fields": {"action_time": "2021-07-19T00:00:49.246Z", "user": 1, "content_type": 8, "object_id": "3", "object_repr": "Group object (3)", "action_flag": 2, "change_message": "[]"}}, {"model": "admin.logentry", "pk": 23, "fields": {"action_time": "2021-08-03T22:15:58.961Z", "user": 2, "content_type": 7, "object_id": "14", "object_repr": "Этот пост самый лучший", "action_flag": 1, "change_message": "[{\"added\": {}}]"}}, {"model": "admin.logentry", "pk": 24, "fields": {"action_time": "2021-08-03T22:23:55.662Z", "user": 2, "content_type": 8, "object_id": "2", "object_repr": "Yandex", "action_flag": 2, "change_message": "[]"}}, {"model": "admin.logentry", "pk": 25, "fields": {"action_time": "2021-08-07T00:31:15.987Z", "user": 1, "content_type": 7, "object_id": "37", "object_repr": "fasdfadfadfa", "action_flag": 3, "change_message": ""}}, {"model": "admin.logentry", "pk": 26, "fields": {"action_time": "2021-08-07T00:31:15.989Z", "user": 1, "content_type": 7, "object_id": "36", "object_repr": "fsdfsdfasd1e23233223", "action_flag": 3, "change_message": ""}}, {"model": "admin.logentry", "pk": 27, "fields": {"action_time": "2021-08-07T00:31:15.991Z", "user": 1, "content_type": 7, "object_id": "35", "object_repr": "fsdfewfwef23r23r23r32vsv24f34fdadedqweqweqweqweqwe113312312edasdafaspp-21-12-1-=2=-§2=-12-e1-e12e-012-e120ei23prj34ior43oif\r\n\r\n\r\nALSAN\r\nFCKFY", "action_flag": 3, "change_message": ""}}, {"model": "admin.logentry", "pk": 28, "fields": {"action_time": "2021-08-07T00:31:15.992Z", "user": 1, "content_type": 7, "object_id": "34", "object_repr": "fsdfewfwef23r23r23r32vsv24f34fdadedqweqweqweqweqwe113312312edasdafaspp-21-12-1-=2=-§2=-12-e1-e12e-012-e120ei23prj34ior43oif\r\n\r\n\r\n\r\nFCKFY", "action_flag": 3, "change_message": ""}}, {"model": "admin.logentry", "pk": 29, "fields": {"action_time": "2021-08-07T00:31:15.993Z", "user": 1, "content_type": 7, "object_id": "33", "object_repr": "fsdfewfwef23r23r23r32vsv24f34fdadedqweqweqweqweqwe113312312edasdafaspp-21-12-1-=2=-§2=-12-e1-e12e-012-e120ei23prj34ior43oif", "action_flag": 3, "change_message": ""}}, {"model": "admin.logentry", "pk": 30, "fields": {"action_time": "2021-08-07T00:31:15.994Z", "user": 1, "content_type": 7, "object_id": "32", "object_repr": "fsdfewfwef23r23r23r32vsv24f34fdadedqweqweqweqweqwe113312312edasdafas", "action_flag": 3, "change_message": ""}}, {"model": "admin.logentry", "pk": 31, "fields": {"action_time": "2021-08-07T00:31:15.995Z", "user": 1, "content_type": 7, "object_id": "31", "object_repr": "fsdfewfwef23r23r23r32vsv24f34fdadedqweqweqweqweqwe", "action_flag": 3, "change_message": ""}}, {"model": "admin.logentry", "pk": 32, "fields": {"action_time": "2021-08-07T00:31:15.997Z", "user": 1, "content_type": 7, "object_id": "28", "object_repr": "ASLAN", "action_flag": 3, "change_message": ""}}, {"model": "admin.logentry", "pk": 33, "fields": {"action_time": "2021-08-07T00:31:15.998Z", "user": 1, "content_type": 7, "object_id": "27", "object_repr": "fsdfsdffsdf23r232", "action_flag": 3, "change_message": ""}}, {"model": "admin.logentry", "pk": 34, "fields": {"action_time": "2021-08-07T00:31:15.999Z", "user": 1, "content_type": 7, "object_id": "26", "object_repr": "fsdfsdf", "action_flag": 3, "change_message": ""}}, {"model": "admin.logentry", "pk": 35, "fields": {"action_time": "2021-08-07T00:31:16.001Z", "user": 1, "content_type": 7, "object_id": "25", "object_repr": "fgd", "action_flag": 3, "change_message": ""}}, {"model": "admin.logentry", "pk": 36, "fields": {"action_time": "2021-08-07T00:31:16.002Z", "user": 1, "content_type": 7, "object_id": "24", "object_repr": "vvdd", "action_flag": 3, "change_message": ""}}, {"model": "admin.logentry", "pk": 37, "fields": {"action_time": "2021-08-07T00:31:16.003Z", "user": 1, "content_type": 7, "object_id": "23", "object_repr": "fwfewe", "action_flag": 3, "change_message": ""}}, {"model": "admin.logentry", "pk": 38, "fields": {"action_time": "2021-08-07T00:31:16.004Z", "user": 1, "content_type": 7, "object_id": "22", "object_repr": "fsdf", "action_flag": 3, "change_message": ""}}, {"model": "admin.logentry", "pk": 39, "fields": {"action_time": "2021-08-07T00:31:16.005Z", "user": 1, "content_type": 7, "object_id": "21", "object_repr": "fsdfew", "action_flag": 3, "change_message": ""}}, {"model": "admin.logentry", "pk": 40, "fields": {"action_time": "2021-08-07T00:31:16.006Z", "user": 1, "content_type": 7, "object_id": "20", "object_repr": "fsdfew", "action_flag": 3, "change_message": ""}}, {"model": "admin.logentry", "pk": 41, "fields": {"action_time": "2021-08-07T00:31:16.007Z", "user": 1, "content_type": 7, "object_id": "19", "object_repr": "fsdfew", "action_flag": 3, "change_message": ""}}, {"model": "admin.logentry", "pk": 42, "fields": {"action_time": "2021-08-07T00:31:16.008Z", "user": 1, "content_type": 7, "object_id": "18", "object_repr": "dasdasd", "action_flag": 3, "change_message": ""}}, {"model": "admin.logentry", "pk": 43, "fields": {"action_time": "2021-08-07T00:31:16.009Z", "user": 1, "content_type": 7, "object_id": "17", "object_repr": "dasdasd", "action_flag": 3, "change_message": ""}}, {"model": "admin.logentry", "pk": 44, "fields": {"action_time": "2021-08-07T00:31:16.010Z", "user": 1, "content_type": 7, "object_id": "16", "object_repr": "dasdasd", "action_flag": 3, "change_message": ""}}, {"model": "admin.logentry", "pk": 45, "fields": {"action_time": "2021-08-07T00:31:16.011Z", "user": 1, "content_type": 7, "object_id": "15", "object_repr": "dasdasd", "action_flag": 3, "change_message": ""}}, {"model": "admin.logentry", "pk": 46, "fields": {"action_time": "2021-08-07T01:50:38.061Z", "user": 1, "content_type": 8, "object_id": "4", "object_repr": "Google2", "action_flag": 1, "change_message": "[{\"added\": {}}]"}}, {"model": "admin.logentry", "pk": 47, "fields": {"action_time": "2021-08-07T01:50:44.412Z", "user": 1, "content_type": 8, "object_id": "5", "object_repr": "google3", "action_flag": 1, "change_message": "[{\"added\": {}}]"}}, {"model": "admin.logentry", "pk": 48, "fields": {"action_time": "2021-08-07T01:50:50.109Z", "user": 1, "content_type": 8, "object_id": "6", "object_repr": "google4", "action_flag": 1, "change_message": "[{\"added\": {}}]"}}, {"model": "admin.logentry", "pk": 49, "fields": {"action_time": "2021-08-07T01:50:57.157Z", "user": 1, "content_type": 8, "object_id": "7", "object_repr": "google5", "action_flag": 1, "change_message": "[{\"added\": {}}]"}}, {"model": "admin.logentry", "pk": 50, "fields": {"action_time": "2021-08-07T01:51:02.787Z", "user": 1, "content_type": 8, "object_id": "8", "object_repr": "yandex2", "action_flag": 1, "change_message": "[{\"added\": {}}]"}}, {"model": "admin.logentry", "pk": 51, "fields": {"action_time": "2021-08-07T01:51:08.139Z", "user": 1, "content_type": 8, "object_id": "9", "object_repr": "mail2", "action_flag": 1, "change_message": "[{\"added\": {}}]"}}, {"model": "admin.logentry", "pk": 52, "fields": {"action_time": "2021-08-07T01:51:12.588Z", "user": 1, "content_type": 8, "object_id": "10", "object_repr": "andre", "action_flag": 1, "change_message": "[{\"added\": {}}]"}}, {"model": "admin.logentry", "pk": 53, "fields": {"action_time": "2021-08-07T02:19:23.655Z", "user": 1, "content_type": 7, "object_id": "38", "object_repr": "123123", "action_flag": 1, "change_message": "[{\"added\": {}}]"}}, {"model": "admin.logentry", "pk": 54, "fields": {"action_time": "2021-08-07T02:19:28.904Z", "user": 1, "content_type": 7, "object_id": "39", "object_repr": "adfsafsa", "action_flag": 1, "change_message": "[{\"added\": {}}]"}}, {"model": "admin.logentry", "pk": 55, "fields": {"action_time": "2021-08-07T02:19:35.926Z", "user": 1, "content_type": 7, "object_id": "40", "object_repr": "adf32232", "action_flag": 1, "change_message": "[{\"added\": {}}]"}}, {"model": "admin.logentry", "pk": 56, "fields": {"action_time": "2021-08-07T02:19:41.737Z", "user": 1, "content_type": 7, "object_id": "41", "object_repr": "sdfsfe433", "action_flag": 1, "change_message": "[{\"added\": {}}]"}}, {"model": "admin.logentry", "pk": 57, "fields": {"action_time": "2021-08-07T02:20:12.602Z", "user": 1, "content_type": 7, "object_id": "42", "object_repr": "asdqdas", "action_flag": 1, "change_message": "[{\"added\": {}}]"}}, {"model": "admin.logentry", "pk": 58, "fields": {"action_time": "2021-08-07T02:20:17.869Z", "user": 1, "content_type": 7, "object_id": "43", "object_repr": "e23d23d23", "action_flag": 1, "change_message": "[{\"added\": {}}]"}}, {"model": "admin.logentry", "pk": 59, "fields": {"action_time": "2021-08-07T02:20:22.491Z", "user": 1, "content_type": 7, "object_id": "44", "object_repr": "asdasdsa", "action_flag": 1, "change_message": "[{\"added\": {}}]"}}, {"model": "admin.logentry", "pk": 60, "fields": {"action_time": "2021-08-07T03:09:16.955Z", "user": 1, "content_type": 7, "object_id": "45", "object_repr": "aslan", "action_flag": 1, "change_message": "[{\"added\": {}}]"}}, {"model": "admin.logentry", "pk": 61, "fields": {"action_time": "2021-08-07T03:09:22.934Z", "user": 1, "content_type": 7, "object_id": "46", "object_repr": "fsdfsdf", "action_flag": 1, "change_message": "[{\"added\": {}}]"}}, {"model": "admin.logentry", "pk": 62, "fields": {"action_time": "2021-08-15T22:47:12.378Z", "user": 1, "content_type": 8, "object_id": "11", "object_repr": "aslan", "action_flag": 1, "change_message": "[{\"added\": {}}]"}}, {"model": "admin.logentry", "pk": 63, "fields": {"action_time": "2021-08-15T22:47:38.024Z", "user": 1, "content_type": 8, "object_id": "12", "object_repr": "andrey", "action_flag": 1, "change_message": "[{\"added\": {}}]"}}, {"model": "admin.logentry", "pk": 64, "fields": {"action_time": "2021-08-15T22:48:06.150Z", "user": 1, "content_type": 8, "object_id": "12", "object_repr": "andrey", "action_flag": 2, "change_message": "[]"}}, {"model": "admin.logentry", "pk": 65, "fields": {"action_time": "2021-08-15T22:49:29.941Z", "user": 1, "content_type": 8, "object_id": "13", "object_repr": "andrey", "action_flag": 1, "change_message": "[{\"added\": {}}]"}}, {"model": "admin.logentry", "pk": 66, "fields": {"action_time": "2021-08-28T16:54:31.664Z", "user": 1, "content_type": 8, "object_id": "14", "object_repr": "Товароведы", "action_flag": 1, "change_message": "[{\"added\": {}}]"}}, {"model": "admin.logentry", "pk": 67, "fields": {"action_time": "2021-08-28T23:46:23.126Z", "user": 1, "content_type": 10, "object_id": "1", "object_repr": "Comment object (1)", "action_flag": 1, "change_message": "[{\"added\": {}}]"}}, {"model": "admin.logentry", "pk": 68, "fields": {"action_time": "2021-08-28T23:46:42.787Z", "user": 1, "content_type": 10, "object_id": "2", "object_repr": "Comment object (2)", "action_flag": 1, "change_message": "[{\"added\": {}}]"}}, {"model": "admin.logentry", "pk": 69, "fields": {"action_time": "2021-08-29T01:11:18.466Z", "user": 1, "content_type": 10, "object_id": "9", "object_repr": "fg", "action_flag": 3, "change_message": ""}}, {"model": "admin.logentry", "pk": 70, "fields": {"action_time": "2021-08-29T01:11:18.470Z", "user": 1, "content_type": 10, "object_id": "8", "object_repr": "gc", "action_flag": 3, "change_message": ""}}, {"model": "admin.logentry", "pk": 71, "fields": {"action_time": "2021-08-29T01:11:18.473Z", "user": 1, "content_type": 10, "object_id": "7", "object_repr": "aslan", "action_flag": 3, "change_message": ""}}, {"model": "admin.logentry", "pk": 72, "fields": {"action_time": "2021-08-29T01:11:18.474Z", "user": 1, "content_type": 10, "object_id": "6", "object_repr": "gfsdfsd", "action_flag": 3, "change_message": ""}}, {"model": "admin.logentry", "pk": 73, "fields": {"action_time": "2021-08-29T01:11:18.476Z", "user": 1, "content_type": 10, "object_id": "5", "object_repr": "dosas", "action_flag": 3, "change_message": ""}}, {"model": "admin.logentry", "pk": 74, "fields": {"action_time": "2021-08-29T01:11:18.477Z", "user": 1, "content_type": 10, "object_id": "4", "object_repr": "sdada", "action_flag": 3, "change_message": ""}}, {"model": "admin.logentry", "pk": 75, "fields": {"action_time": "2021-08-29T01:11:18.479Z", "user": 1, "content_type": 10, "object_id": "3", "object_repr": "fads", "action_flag": 3, "change_message": ""}}, {"model": "admin.logentry", "pk": 76, "fields": {"action_time": "2021-08-29T01:11:18.480Z", "user": 1, "content_type": 10, "object_id": "2", "object_repr": "12erafasf", "action_flag": 3, "change_message": ""}}, {"model": "admin.logentry", "pk": 77, "fields": {"action_time": "2021-08-29T01:11:18.482Z", "user": 1, "content_type": 10, "object_id": "1", "object_repr": "aslanfsdfsdfsdf", "action_flag": 3, "change_message": ""}}, {"model": "admin.logentry", "pk": 78, "fields": {"action_time": "2021-09-02T19:55:29.794Z", "user": 1, "content_type": 11, "object_id": "28", "object_repr": "Follower: admin, Followingaslan", "action_flag": 3, "change_message": ""}}, {"model": "admin.logentry", "pk": 79, "fields": {"action_time": "2021-09-02T19:55:29.795Z", "user": 1, "content_type": 11, "object_id": "27", "object_repr": "Follower: admin, Followingaslan", "action_flag": 3, "change_message": ""}}, {"model": "admin.logentry", "pk": 80, "fields": {"action_time": "2021-09-02T19:55:29.795Z", "user": 1, "content_type": 11, "object_id": "26", "object_repr": "Follower: admin, Followingaslan", "action_flag": 3, "change_message": ""}}, {"model": "admin.logentry", "pk": 81, "fields": {"action_time": "2021-09-02T19:55:29.796Z", "user": 1, "content_type": 11, "object_id": "25", "object_repr": "Follower: admin, Followingaslan", "action_flag": 3, "change_message": ""}}, {"model": "admin.logentry", "pk": 82, "fields": {"action_time": "2021-09-02T19:55:29.796Z", "user": 1, "content_type": 11, "object_id": "24", "object_repr": "Follower: admin, Followingaslan", "action_flag": 3, "change_message": ""}}, {"model": "admin.logentry", "pk": 83, "fields": {"action_time": "2021-09-02T19:55:29.797Z", "user": 1, "content_type": 11, "object_id": "23", "object_repr": "Follower: admin, Followingaslan", "action_flag": 3, "change_message": ""}}, {"model": "admin.logentry", "pk": 84, "fields": {"action_time": "2021-09-02T19:55:29.798Z", "user": 1, "content_type": 11, "object_id": "22", "object_repr": "Follower: admin, Followingaslan", "action_flag": 3, "change_message": ""}}, {"model": "admin.logentry", "pk": 85, "fields": {"action_time": "2021-09-02T19:55:29.798Z", "user": 1, "content_type": 11, "object_id": "21", "object_repr": "Follower: admin, Followingaslan", "action_flag": 3, "change_message": ""}}, {"model": "admin.logentry", "pk": 86, "fields": {"action_time": "2021-09-02T19:55:29.799Z", "user": 1, "content_type": 11, "object_id": "20", "object_repr": "Follower: admin, Followingaslan", "action_flag": 3, "change_message": ""}}, {"model": "admin.logentry", "pk": 87, "fields": {"action_time": "2021-09-02T19:55:29.799Z", "user": 1, "content_type": 11, "object_id": "19", "object_repr": "Follower: admin, Followingaslan", "action_flag": 3, "change_message": ""}}, {"model": "admin.logentry", "pk": 88, "fields": {"action_time": "2021-09-02T19:55:29.800Z", "user": 1, "content_type": 11, "object_id": "18", "object_repr": "Follower: admin, Followingaslan", "action_flag": 3, "change_message": ""}}, {"model": "admin.logentry", "pk": 89, "fields": {"action_time": "2021-09-02T19:55:29.800Z", "user": 1, "content_type": 11, "object_id": "17", "object_repr": "Follower: admin, Followingaslan", "action_flag": 3, "change_message": ""}}, {"model": "admin.logentry", "pk": 90, "fields": {"action_time": "2021-09-02T19:55:29.801Z", "user": 1, "content_type": 11, "object_id": "16", "object_repr": "Follower: admin, Followingaslan", "action_flag": 3, "change_message": ""}}, {"model": "admin.logentry", "pk": 91, "fields": {"action_time": "2021-09-02T19:55:29.801Z", "user": 1, "content_type": 11, "object_id": "15", "object_repr": "Follower: admin, Followingaslan", "action_flag": 3, "change_message": ""}}, {"model": "admin.logentry", "pk": 92, "fields": {"action_time": "2021-09-02T19:55:29.802Z", "user": 1, "content_type": 11, "object_id": "14", "object_repr": "Follower: admin, Followingaslan", "action_flag": 3, "change_message": ""}}, {"model": "admin.logentry", "pk": 93, "fields": {"action_time": "2021-09-02T19:55:29.802Z", "user": 1, "content_type": 11, "object_id": "13", "object_repr": "Follower: admin, Followingaslan", "action_flag": 3, "change_message": ""}}, {"model": "admin.logentry", "pk": 94, "fields": {"action_time": "2021-09-02T19:55:29.802Z", "user": 1, "content_type": 11, "object_id": "12", "object_repr": "Follower: admin, Followingadmin", "action_flag": 3, "change_message": ""}}, {"model": "admin.logentry", "pk": 95, "fields": {"action_time": "2021-09-02T19:55:29.803Z", "user": 1, "content_type": 11, "object_id": "11", "object_repr": "Follower: admin, Followingadmin", "action_flag": 3, "change_message": ""}}, {"model": "admin.logentry", "pk": 96, "fields": {"action_time": "2021-09-02T19:55:29.803Z", "user": 1, "content_type": 11, "object_id": "10", "object_repr": "Follower: admin, Followingadmin", "action_flag": 3, "change_message": ""}}, {"model": "admin.logentry", "pk": 97, "fields": {"action_time": "2021-09-02T19:55:29.804Z", "user": 1, "content_type": 11, "object_id": "9", "object_repr": "Follower: admin, Followingadmin", "action_flag": 3, "change_message": ""}}, {"model": "admin.logentry", "pk": 98, "fields": {"action_time": "2021-09-02T19:55:29.804Z", "user": 1, "content_type": 11, "object_id": "8", "object_repr": "Follower: admin, Followingadmin", "action_flag": 3, "change_message": ""}}, {"model": "admin.logentry", "pk": 99, "fields": {"action_time": "2021-09-02T19:55:29.804Z", "user": 1, "content_type": 11, "object_id": "7", "object_repr": "Follower: admin, Followingadmin", "action_flag": 3, "change_message": ""}}, {"model": "admin.logentry", "pk": 100, "fields": {"action_time": "2021-09-02T19:55:29.805Z", "user": 1, "content_type": 11, "object_id": "6", "object_repr": "Follower: admin, Followingadmin", "action_flag": 3, "change_message": ""}}, {"model": "admin.logentry", "pk": 101, "fields": {"action_time": "2021-09-02T19:55:29.805Z", "user": 1, "content_type": 11, "object_id": "5", "object_repr": "Follower: admin, Followingadmin", "action_flag": 3, "change_message": ""}}, {"model": "admin.logentry", "pk": 102, "fields": {"action_time": "2021-09-02T19:55:29.805Z", "user": 1, "content_type": 11, "object_id": "4", "object_repr": "Follower: admin, Followingadmin", "action_flag": 3, "change_message": ""}}, {"model": "admin.logentry", "pk": 103, "fields": {"action_time": "2021-09-02T19:55:29.806Z", "user": 1, "content_type": 11, "object_id": "3", "object_repr": "Follower: admin, Followingadmin", "action_flag": 3, "change_message": ""}}, {"model": "admin.logentry", "pk": 104, "fields": {"action_time": "2021-09-02T19:55:29.806Z", "user": 1, "content_type": 11, "object_id": "2", "object_repr": "Follower: admin, Followingadmin", "action_flag": 3, "change_message": ""}}, {"model": "admin.logentry", "pk": 105, "fields": {"action_time": "2021-09-02T19:55:29.807Z", "user": 1, "content_type": 11, "object_id": "1", "object_repr": "Follower: admin, Followingadmin", "action_flag": 3, "change_message": ""}}, {"model": "admin.logentry", "pk": 106, "fields": {"action_time": "2021-09-02T22:52:19.041Z", "user": 1, "content_type": 11, "object_id": "76", "object_repr": "Follower: admin, Following: andrey", "action_flag": 3, "change_message": ""}}, {"model": "admin.logentry", "pk": 107, "fields": {"action_time": "2021-09-02T22:52:19.043Z", "user": 1, "content_type": 11, "object_id": "75", "object_repr": "Follower: admin, Following: andrey", "action_flag": 3, "change_message": ""}}, {"model": "admin.logentry", "pk": 108, "fields": {"action_time": "2021-09-02T22:52:19.044Z", "user": 1, "content_type": 11, "object_id": "74", "object_repr": "Follower: admin, Following: admin", "action_flag": 3, "change_message": ""}}, {"model": "admin.logentry", "pk": 109, "fields": {"action_time": "2021-09-02T22:52:19.045Z", "user": 1, "content_type": 11, "object_id": "73", "object_repr": "Follower: admin, Following: admin", "action_flag": 3, "change_message": ""}}, {"model": "admin.logentry", "pk": 110, "fields": {"action_time": "2021-09-02T22:52:19.047Z", "user": 1, "content_type": 11, "object_id": "72", "object_repr": "Follower: admin, Following: andrey", "action_flag": 3, "change_message": ""}}, {"model": "admin.logentry", "pk": 111, "fields": {"action_time": "2021-09-02T22:52:19.048Z", "user": 1, "content_type": 11, "object_id": "71", "object_repr": "Follower: admin, Following: andrey", "action_flag": 3, "change_message": ""}}, {"model": "admin.logentry", "pk": 112, "fields": {"action_time": "2021-09-02T22:52:19.049Z", "user": 1, "content_type": 11, "object_id": "70", "object_repr": "Follower: admin, Following: andrey", "action_flag": 3, "change_message": ""}}, {"model": "admin.logentry", "pk": 113, "fields": {"action_time": "2021-09-02T22:52:19.050Z", "user": 1, "content_type": 11, "object_id": "69", "object_repr": "Follower: admin, Following: andrey", "action_flag": 3, "change_message": ""}}, {"model": "admin.logentry", "pk": 114, "fields": {"action_time": "2021-09-02T22:52:19.051Z", "user": 1, "content_type": 11, "object_id": "68", "object_repr": "Follower: admin, Following: admin", "action_flag": 3, "change_message": ""}}, {"model": "admin.logentry", "pk": 115, "fields": {"action_time": "2021-09-02T22:52:19.051Z", "user": 1, "content_type": 11, "object_id": "66", "object_repr": "Follower: admin, Following: aslan", "action_flag": 3, "change_message": ""}}, {"model": "admin.logentry", "pk": 116, "fields": {"action_time": "2021-09-02T22:52:19.052Z", "user": 1, "content_type": 11, "object_id": "65", "object_repr": "Follower: admin, Following: aslan", "action_flag": 3, "change_message": ""}}, {"model": "admin.logentry", "pk": 117, "fields": {"action_time": "2021-09-02T22:52:19.053Z", "user": 1, "content_type": 11, "object_id": "64", "object_repr": "Follower: admin, Following: aslan", "action_flag": 3, "change_message": ""}}, {"model": "admin.logentry", "pk": 118, "fields": {"action_time": "2021-09-02T22:52:19.054Z", "user": 1, "content_type": 11, "object_id": "63", "object_repr": "Follower: admin, Following: aslan", "action_flag": 3, "change_message": ""}}, {"model": "admin.logentry", "pk": 119, "fields": {"action_time": "2021-09-02T22:52:19.055Z", "user": 1, "content_type": 11, "object_id": "62", "object_repr": "Follower: admin, Following: aslan", "action_flag": 3, "change_message": ""}}, {"model": "admin.logentry", "pk": 120, "fields": {"action_time": "2021-09-02T22:52:19.055Z", "user": 1, "content_type": 11, "object_id": "61", "object_repr": "Follower: admin, Following: aslan", "action_flag": 3, "change_message": ""}}, {"model": "admin.logentry", "pk": 121, "fields": {"action_time": "2021-09-02T22:52:19.056Z", "user": 1, "content_type": 11, "object_id": "60", "object_repr": "Follower: admin, Following: aslan", "action_flag": 3, "change_message": ""}}, {"model": "admin.logentry", "pk": 122, "fields": {"action_time": "2021-09-02T22:52:19.057Z", "user": 1, "content_type": 11, "object_id": "59", "object_repr": "Follower: admin, Following: aslan", "action_flag": 3, "change_message": ""}}, {"model": "admin.logentry", "pk": 123, "fields": {"action_time": "2021-09-02T22:52:19.058Z", "user": 1, "content_type": 11, "object_id": "58", "object_repr": "Follower: admin, Following: aslan", "action_flag": 3, "change_message": ""}}, {"model": "admin.logentry", "pk": 124, "fields": {"action_time": "2021-09-02T22:52:19.059Z", "user": 1, "content_type": 11, "object_id": "57", "object_repr": "Follower: admin, Following: aslan", "action_flag": 3, "change_message": ""}}, {"model": "admin.logentry", "pk": 125, "fields": {"action_time": "2021-09-02T22:52:19.059Z", "user": 1, "content_type": 11, "object_id": "56", "object_repr": "Follower: admin, Following: aslan", "action_flag": 3, "change_message": ""}}, {"model": "admin.logentry", "pk": 126, "fields": {"action_time": "2021-09-02T22:52:19.060Z", "user": 1, "content_type": 11, "object_id": "55", "object_repr": "Follower: admin, Following: aslan", "action_flag": 3, "change_message": ""}}, {"model": "admin.logentry", "pk": 127, "fields": {"action_time": "2021-09-02T22:52:19.061Z", "user": 1, "content_type": 11, "object_id": "54", "object_repr": "Follower: admin, Following: aslan", "action_flag": 3, "change_message": ""}}, {"model": "admin.logentry", "pk": 128, "fields": {"action_time": "2021-09-02T22:52:19.062Z", "user": 1, "content_type": 11, "object_id": "53", "object_repr": "Follower: admin, Following: aslan", "action_flag": 3, "change_message": ""}}, {"model": "admin.logentry", "pk": 129, "fields": {"action_time": "2021-09-02T22:52:19.062Z", "user": 1, "content_type": 11, "object_id": "52", "object_repr": "Follower: admin, Following: aslan", "action_flag": 3, "change_message": ""}}, {"model": "admin.logentry", "pk": 130, "fields": {"action_time": "2021-09-02T22:52:19.063Z", "user": 1, "content_type": 11, "object_id": "51", "object_repr": "Follower: admin, Following: aslan", "action_flag": 3, "change_message": ""}}, {"model": "admin.logentry", "pk": 131, "fields": {"action_time": "2021-09-02T22:52:19.064Z", "user": 1, "content_type": 11, "object_id": "50", "object_repr": "Follower: admin, Following: aslan", "action_flag": 3, "change_message": ""}}, {"model": "admin.logentry", "pk": 132, "fields": {"action_time": "2021-09-02T22:52:19.064Z", "user": 1, "content_type": 11, "object_id": "49", "object_repr": "Follower: admin, Following: aslan", "action_flag": 3, "change_message": ""}}, {"model": "admin.logentry", "pk": 133, "fields": {"action_time": "2021-09-02T22:52:19.065Z", "user": 1, "content_type": 11, "object_id": "48", "object_repr": "Follower: admin, Following: aslan", "action_flag": 3, "change_message": ""}}, {"model": "admin.logentry", "pk": 134, "fields": {"action_time": "2021-09-02T22:52:19.066Z", "user": 1, "content_type": 11, "object_id": "47", "object_repr": "Follower: admin, Following: aslan", "action_flag": 3, "change_message": ""}}, {"model": "admin.logentry", "pk": 135, "fields": {"action_time": "2021-09-02T22:52:19.067Z", "user": 1, "content_type": 11, "object_id": "46", "object_repr": "Follower: admin, Following: aslan", "action_flag": 3, "change_message": ""}}, {"model": "admin.logentry", "pk": 136, "fields": {"action_time": "2021-09-02T22:52:19.067Z", "user": 1, "content_type": 11, "object_id": "45", "object_repr": "Follower: admin, Following: aslan", "action_flag": 3, "change_message": ""}}, {"model": "admin.logentry", "pk": 137, "fields": {"action_time": "2021-09-02T22:52:19.068Z", "user": 1, "content_type": 11, "object_id": "44", "object_repr": "Follower: admin, Following: aslan", "action_flag": 3, "change_message": ""}}, {"model": "admin.logentry", "pk": 138, "fields": {"action_time": "2021-09-02T22:52:19.069Z", "user": 1, "content_type": 11, "object_id": "43", "object_repr": "Follower: admin, Following: aslan", "action_flag": 3, "change_message": ""}}, {"model": "admin.logentry", "pk": 139, "fields": {"action_time": "2021-09-02T22:52:19.069Z", "user": 1, "content_type": 11, "object_id": "42", "object_repr": "Follower: admin, Following: aslan", "action_flag": 3, "change_message": ""}}, {"model": "admin.logentry", "pk": 140, "fields": {"action_time": "2021-09-02T22:52:19.070Z", "user": 1, "content_type": 11, "object_id": "41", "object_repr": "Follower: admin, Following: aslan", "action_flag": 3, "change_message": ""}}, {"model": "admin.logentry", "pk": 141, "fields": {"action_time": "2021-09-02T22:52:19.070Z", "user": 1, "content_type": 11, "object_id": "40", "object_repr": "Follower: admin, Following: aslan", "action_flag": 3, "change_message": ""}}, {"model": "admin.logentry", "pk": 142, "fields": {"action_time": "2021-09-02T22:52:19.071Z", "user": 1, "content_type": 11, "object_id": "39", "object_repr": "Follower: admin, Following: aslan", "action_flag": 3, "change_message": ""}}, {"model": "admin.logentry", "pk": 143, "fields": {"action_time": "2021-09-02T22:52:19.072Z", "user": 1, "content_type": 11, "object_id": "38", "object_repr": "Follower: admin, Following: aslan", "action_flag": 3, "change_message": ""}}, {"model": "admin.logentry", "pk": 144, "fields": {"action_time": "2021-09-02T22:52:19.072Z", "user": 1, "content_type": 11, "object_id": "37", "object_repr": "Follower: admin, Following: aslan", "action_flag": 3, "change_message": ""}}, {"model": "admin.logentry", "pk": 145, "fields": {"action_time": "2021-09-02T22:52:19.073Z", "user": 1, "content_type": 11, "object_id": "36", "object_repr": "Follower: admin, Following: aslan", "action_flag": 3, "change_message": ""}}, {"model": "admin.logentry", "pk": 146, "fields": {"action_time": "2021-09-02T22:52:19.073Z", "user": 1, "content_type": 11, "object_id": "35", "object_repr": "Follower: admin, Following: aslan", "action_flag": 3, "change_message": ""}}, {"model": "admin.logentry", "pk": 147, "fields": {"action_time": "2021-09-02T22:52:19.074Z", "user": 1, "content_type": 11, "object_id": "34", "object_repr": "Follower: admin, Following: aslan", "action_flag": 3, "change_message": ""}}, {"model": "admin.logentry", "pk": 148, "fields": {"action_time": "2021-09-02T22:52:19.074Z", "user": 1, "content_type": 11, "object_id": "33", "object_repr": "Follower: admin, Following: aslan", "action_flag": 3, "change_message": ""}}, {"model": "admin.logentry", "pk": 149, "fields": {"action_time": "2021-09-02T22:52:19.075Z", "user": 1, "content_type": 11, "object_id": "32", "object_repr": "Follower: admin, Following: aslan", "action_flag": 3, "change_message": ""}}, {"model": "admin.logentry", "pk": 150, "fields": {"action_time": "2021-09-02T22:52:19.076Z", "user": 1, "content_type": 11, "object_id": "31", "object_repr": "Follower: admin, Following: aslan", "action_flag": 3, "change_message": ""}}, {"model": "admin.logentry", "pk": 151, "fields": {"action_time": "2021-09-02T22:52:19.076Z", "user": 1, "content_type": 11, "object_id": "30", "object_repr": "Follower: admin, Following: aslan", "action_flag": 3, "change_message": ""}}, {"model": "admin.logentry", "pk": 152, "fields": {"action_time": "2021-09-02T22:52:19.077Z", "user": 1, "content_type": 11, "object_id": "29", "object_repr": "Follower: admin, Following: aslan", "action_flag": 3, "change_message": ""}}, {"model": "admin.logentry", "pk": 153, "fields": {"action_time": "2021-09-03T00:12:08.550Z", "user": 2, "content_type": 11, "object_id": "77", "object_repr": "Follower: admin, Following: admin", "action_flag": 3, "change_message": ""}}, {"model": "admin.logentry", "pk": 154, "fields": {"action_time": "2021-09-03T22:07:11.533Z", "user": 2, "content_type": 11, "object_id": "148", "object_repr": "Follower: aslan, Following: aslan_st", "action_flag": 3, "change_message": ""}}, {"model": "admin.logentry", "pk": 155, "fields": {"action_time": "2021-09-03T22:07:11.535Z", "user": 2, "content_type": 11, "object_id": "147", "object_repr": "Follower: aslan, Following: aslan_st", "action_flag": 3, "change_message": ""}}, {"model": "admin.logentry", "pk": 156, "fields": {"action_time": "2021-09-03T22:07:11.536Z", "user": 2, "content_type": 11, "object_id": "146", "object_repr": "Follower: aslan, Following: aslan_st", "action_flag": 3, "change_message": ""}}, {"model": "admin.logentry", "pk": 157, "fields": {"action_time": "2021-09-03T22:07:11.537Z", "user": 2, "content_type": 11, "object_id": "145", "object_repr": "Follower: aslan, Following: aslan_st", "action_flag": 3, "change_message": ""}}, {"model": "admin.logentry", "pk": 158, "fields": {"action_time": "2021-09-03T22:07:11.538Z", "user": 2, "content_type": 11, "object_id": "144", "object_repr": "Follower: aslan, Following: aslan_st", "action_flag": 3, "change_message": ""}}, {"model": "admin.logentry", "pk": 159, "fields": {"action_time": "2021-09-03T22:07:11.540Z", "user": 2, "content_type": 11, "object_id": "143", "object_repr": "Follower: aslan, Following: aslan_st", "action_flag": 3, "change_message": ""}}, {"model": "admin.logentry", "pk": 160, "fields": {"action_time": "2021-09-03T22:07:11.541Z", "user": 2, "content_type": 11, "object_id": "142", "object_repr": "Follower: aslan, Following: aslan_st", "action_flag": 3, "change_message": ""}}, {"model": "admin.logentry", "pk": 161, "fields": {"action_time": "2021-09-03T22:07:11.543Z", "user": 2, "content_type": 11, "object_id": "141", "object_repr": "Follower: aslan, Following: andrey", "action_flag": 3, "change_message": ""}}, {"model": "admin.logentry", "pk": 162, "fields": {"action_time": "2021-09-03T22:07:11.544Z", "user": 2, "content_type": 11, "object_id": "140", "object_repr": "Follower: aslan, Following: andrey", "action_flag": 3, "change_message": ""}}, {"model": "admin.logentry", "pk": 163, "fields": {"action_time": "2021-09-03T22:07:11.544Z", "user": 2, "content_type": 11, "object_id": "139", "object_repr": "Follower: aslan, Following: andrey", "action_flag": 3, "change_message": ""}}, {"model": "admin.logentry", "pk": 164, "fields": {"action_time": "2021-09-03T22:07:11.545Z", "user": 2, "content_type": 11, "object_id": "138", "object_repr": "Follower: aslan, Following: admin", "action_flag": 3, "change_message": ""}}, {"model": "admin.logentry", "pk": 165, "fields": {"action_time": "2021-09-03T22:28:09.989Z", "user": 2, "content_type": 11, "object_id": "157", "object_repr": "Follower: aslan, Following: aslan_st", "action_flag": 3, "change_message": ""}}, {"model": "admin.logentry", "pk": 166, "fields": {"action_time": "2021-09-03T22:28:14.313Z", "user": 2, "content_type": 11, "object_id": "161", "object_repr": "Follower: admin, Following: admin", "action_flag": 3, "change_message": ""}}, {"model": "admin.logentry", "pk": 167, "fields": {"action_time": "2021-09-03T22:28:41.083Z", "user": 2, "content_type": 11, "object_id": "162", "object_repr": "Follower: aslan, Following: admin", "action_flag": 3, "change_message": ""}}, {"model": "admin.logentry", "pk": 168, "fields": {"action_time": "2021-09-03T22:47:45.463Z", "user": 2, "content_type": 11, "object_id": "452", "object_repr": "Follower: aslan, Following: frodo", "action_flag": 1, "change_message": "[{\"added\": {}}]"}}, {"model": "admin.logentry", "pk": 169, "fields": {"action_time": "2021-09-03T22:47:52.812Z", "user": 2, "content_type": 11, "object_id": "453", "object_repr": "Follower: aslan, Following: tester", "action_flag": 1, "change_message": "[{\"added\": {}}]"}}, {"model": "admin.logentry", "pk": 170, "fields": {"action_time": "2021-09-03T22:50:24.811Z", "user": 2, "content_type": 11, "object_id": "455", "object_repr": "Follower: aslan, Following: admin", "action_flag": 3, "change_message": ""}}, {"model": "admin.logentry", "pk": 171, "fields": {"action_time": "2021-09-03T22:50:24.814Z", "user": 2, "content_type": 11, "object_id": "453", "object_repr": "Follower: aslan, Following: tester", "action_flag": 3, "change_message": ""}}, {"model": "admin.logentry", "pk": 172, "fields": {"action_time": "2021-09-03T22:50:24.815Z", "user": 2, "content_type": 11, "object_id": "452", "object_repr": "Follower: aslan, Following: frodo", "action_flag": 3, "change_message": ""}}, {"model": "admin.logentry", "pk": 173, "fields": {"action_time": "2021-09-04T09:42:23.923Z", "user": 2, "content_type": 7, "object_id": "118", "object_repr": "fsdfsdfsdfsfsdf", "action_flag": 3, "change_message": ""}}, {"model": "admin.logentry", "pk": 174, "fields": {"action_time": "2021-09-04T09:42:23.926Z", "user": 2, "content_type": 7, "object_id": "117", "object_repr": "IOSIK GANDON AS", "action_flag": 3, "change_message": ""}}, {"model": "admin.logentry", "pk": 175, "fields": {"action_time": "2021-09-04T09:42:23.928Z", "user": 2, "content_type": 7, "object_id": "116", "object_repr": "MONGOL", "action_flag": 3, "change_message": ""}}, {"model": "admin.logentry", "pk": 176, "fields": {"action_time": "2021-09-04T09:42:23.929Z", "user": 2, "content_type": 7, "object_id": "115", "object_repr": "fsdfewdfew", "action_flag": 3, "change_message": ""}}, {"model": "admin.logentry", "pk": 177, "fields": {"action_time": "2021-09-04T09:42:23.930Z", "user": 2, "content_type": 7, "object_id": "114", "object_repr": "aslanaslanaslan", "action_flag": 3, "change_message": ""}}, {"model": "admin.logentry", "pk": 178, "fields": {"action_time": "2021-09-04T09:42:23.931Z", "user": 2, "content_type": 7, "object_id": "113", "object_repr": "aslan", "action_flag": 3, "change_message": ""}}, {"model": "admin.logentry", "pk": 179, "fields": {"action_time": "2021-09-04T09:42:23.931Z", "user": 2, "content_type": 7, "object_id": "112", "object_repr": "dasdasdas", "action_flag": 3, "change_message": ""}}, {"model": "admin.logentry", "pk": 180, "fields": {"action_time": "2021-09-04T09:42:23.932Z", "user": 2, "content_type": 7, "object_id": "111", "object_repr": "dasdasdASLAN", "action_flag": 3, "change_message": ""}}, {"model": "admin.logentry", "pk": 181, "fields": {"action_time": "2021-09-04T09:42:23.933Z", "user": 2, "content_type": 7, "object_id": "110", "object_repr": "ASLAN", "action_flag": 3, "change_message": ""}}, {"model": "admin.logentry", "pk": 182, "fields": {"action_time": "2021-09-04T09:42:23.934Z", "user": 2, "content_type": 7, "object_id": "109", "object_repr": "fsdfsdf", "action_flag": 3, "change_message": ""}}, {"model": "admin.logentry", "pk": 183, "fields": {"action_time": "2021-09-04T09:42:23.935Z", "user": 2, "content_type": 7, "object_id": "108", "object_repr": "fsdfsdfs", "action_flag": 3, "change_message": ""}}, {"model": "admin.logentry", "pk": 184, "fields": {"action_time": "2021-09-04T09:42:23.936Z", "user": 2, "content_type": 7, "object_id": "107", "object_repr": "MONGOLLLS", "action_flag": 3, "change_message": ""}}, {"model": "admin.logentry", "pk": 185, "fields": {"action_time": "2021-09-04T09:42:23.936Z", "user": 2, "content_type": 7, "object_id": "103", "object_repr": "aslandasdas", "action_flag": 3, "change_message": ""}}, {"model": "admin.logentry", "pk": 186, "fields": {"action_time": "2021-09-04T09:42:23.937Z", "user": 2, "content_type": 7, "object_id": "102", "object_repr": "dqsdasda", "action_flag": 3, "change_message": ""}}, {"model": "admin.logentry", "pk": 187, "fields": {"action_time": "2021-09-04T09:42:23.938Z", "user": 2, "content_type": 7, "object_id": "101", "object_repr": "123123", "action_flag": 3, "change_message": ""}}, {"model": "admin.logentry", "pk": 188, "fields": {"action_time": "2021-09-04T09:42:23.939Z", "user": 2, "content_type": 7, "object_id": "100", "object_repr": "Я люблю мануаль", "action_flag": 3, "change_message": ""}}, {"model": "admin.logentry", "pk": 189, "fields": {"action_time": "2021-09-04T09:42:23.939Z", "user": 2, "content_type": 7, "object_id": "99", "object_repr": "asdasdfasjkn32h", "action_flag": 3, "change_message": ""}}, {"model": "admin.logentry", "pk": 190, "fields": {"action_time": "2021-09-04T09:42:23.940Z", "user": 2, "content_type": 7, "object_id": "98", "object_repr": "asdasdfasasf2er", "action_flag": 3, "change_message": ""}}, {"model": "admin.logentry", "pk": 191, "fields": {"action_time": "2021-09-04T09:42:23.941Z", "user": 2, "content_type": 7, "object_id": "97", "object_repr": "asdasdfas", "action_flag": 3, "change_message": ""}}, {"model": "admin.logentry", "pk": 192, "fields": {"action_time": "2021-09-04T09:42:23.941Z", "user": 2, "content_type": 7, "object_id": "96", "object_repr": "IOSIK GANDON", "action_flag": 3, "change_message": ""}}, {"model": "admin.logentry", "pk": 193, "fields": {"action_time": "2021-09-04T09:42:23.942Z", "user": 2, "content_type": 7, "object_id": "95", "object_repr": "ASLASNФТВКУНФыф", "action_flag": 3, "change_message": ""}}, {"model": "admin.logentry", "pk": 194, "fields": {"action_time": "2021-09-04T09:42:23.943Z", "user": 2, "content_type": 7, "object_id": "94", "object_repr": "ASLASN", "action_flag": 3, "change_message": ""}}, {"model": "admin.logentry", "pk": 195, "fields": {"action_time": "2021-09-04T09:42:23.943Z", "user": 2, "content_type": 7, "object_id": "93", "object_repr": "ASLASNФТВКУН", "action_flag": 3, "change_message": ""}}, {"model": "admin.logentry", "pk": 196, "fields": {"action_time": "2021-09-04T09:42:23.944Z", "user": 2, "content_type": 7, "object_id": "92", "object_repr": "ASLASN", "action_flag": 3, "change_message": ""}}, {"model": "admin.logentry", "pk": 197, "fields": {"action_time": "2021-09-04T09:42:23.945Z", "user": 2, "content_type": 7, "object_id": "91", "object_repr": "ASLASNNNNNDD", "action_flag": 3, "change_message": ""}}, {"model": "admin.logentry", "pk": 198, "fields": {"action_time": "2021-09-04T09:42:23.945Z", "user": 2, "content_type": 7, "object_id": "90", "object_repr": "fadsfsafsdfASLA", "action_flag": 3, "change_message": ""}}, {"model": "admin.logentry", "pk": 199, "fields": {"action_time": "2021-09-04T09:42:23.946Z", "user": 2, "content_type": 7, "object_id": "89", "object_repr": "ASLASN", "action_flag": 3, "change_message": ""}}, {"model": "admin.logentry", "pk": 200, "fields": {"action_time": "2021-09-04T09:42:23.947Z", "user": 2, "content_type": 7, "object_id": "88", "object_repr": "fadsfsafsdfASLA", "action_flag": 3, "change_message": ""}}, {"model": "admin.logentry", "pk": 201, "fields": {"action_time": "2021-09-04T09:42:23.947Z", "user": 2, "content_type": 7, "object_id": "87", "object_repr": "fadsfsafsdfASLA", "action_flag": 3, "change_message": ""}}, {"model": "admin.logentry", "pk": 202, "fields": {"action_time": "2021-09-04T09:42:23.948Z", "user": 2, "content_type": 7, "object_id": "86", "object_repr": "fadsfsafsdfASLA", "action_flag": 3, "change_message": ""}}, {"model": "admin.logentry", "pk": 203, "fields": {"action_time": "2021-09-04T09:42:23.948Z", "user": 2, "content_type": 7, "object_id": "85", "object_repr": "fadsfsafsdf", "action_flag": 3, "change_message": ""}}, {"model": "admin.logentry", "pk": 204, "fields": {"action_time": "2021-09-04T09:42:23.949Z", "user": 2, "content_type": 7, "object_id": "84", "object_repr": "aslan", "action_flag": 3, "change_message": ""}}, {"model": "admin.logentry", "pk": 205, "fields": {"action_time": "2021-09-04T09:42:23.950Z", "user": 2, "content_type": 7, "object_id": "83", "object_repr": "Более 30 америк", "action_flag": 3, "change_message": ""}}, {"model": "admin.logentry", "pk": 206, "fields": {"action_time": "2021-09-04T09:42:23.950Z", "user": 2, "content_type": 7, "object_id": "82", "object_repr": "asf23f3t434t43t", "action_flag": 3, "change_message": ""}}, {"model": "admin.logentry", "pk": 207, "fields": {"action_time": "2021-09-04T09:42:23.951Z", "user": 2, "content_type": 7, "object_id": "81", "object_repr": "asf23f3t434t43t", "action_flag": 3, "change_message": ""}}, {"model": "admin.logentry", "pk": 208, "fields": {"action_time": "2021-09-04T09:42:23.951Z", "user": 2, "content_type": 7, "object_id": "80", "object_repr": "asf23f3t434t43t", "action_flag": 3, "change_message": ""}}, {"model": "admin.logentry", "pk": 209, "fields": {"action_time": "2021-09-04T09:42:23.952Z", "user": 2, "content_type": 7, "object_id": "79", "object_repr": "asdfasd123", "action_flag": 3, "change_message": ""}}, {"model": "admin.logentry", "pk": 210, "fields": {"action_time": "2021-09-04T09:42:23.952Z", "user": 2, "content_type": 7, "object_id": "78", "object_repr": "asfd23r2332", "action_flag": 3, "change_message": ""}}, {"model": "admin.logentry", "pk": 211, "fields": {"action_time": "2021-09-04T09:42:23.953Z", "user": 2, "content_type": 7, "object_id": "77", "object_repr": "asdqwef23rf23", "action_flag": 3, "change_message": ""}}, {"model": "admin.logentry", "pk": 212, "fields": {"action_time": "2021-09-04T09:42:23.954Z", "user": 2, "content_type": 7, "object_id": "76", "object_repr": "asdasdq32d", "action_flag": 3, "change_message": ""}}, {"model": "admin.logentry", "pk": 213, "fields": {"action_time": "2021-09-04T09:42:23.954Z", "user": 2, "content_type": 7, "object_id": "75", "object_repr": "asdf23r3wrd3ed", "action_flag": 3, "change_message": ""}}, {"model": "admin.logentry", "pk": 214, "fields": {"action_time": "2021-09-04T09:42:23.955Z", "user": 2, "content_type": 7, "object_id": "74", "object_repr": "FKCFYCKFY", "action_flag": 3, "change_message": ""}}, {"model": "admin.logentry", "pk": 215, "fields": {"action_time": "2021-09-04T09:42:23.955Z", "user": 2, "content_type": 7, "object_id": "73", "object_repr": "asdadqwe", "action_flag": 3, "change_message": ""}}, {"model": "admin.logentry", "pk": 216, "fields": {"action_time": "2021-09-04T09:42:23.956Z", "user": 2, "content_type": 7, "object_id": "72", "object_repr": "ASLASNASN", "action_flag": 3, "change_message": ""}}, {"model": "admin.logentry", "pk": 217, "fields": {"action_time": "2021-09-04T09:42:23.956Z", "user": 2, "content_type": 7, "object_id": "71", "object_repr": "IOSIK PETUH", "action_flag": 3, "change_message": ""}}, {"model": "admin.logentry", "pk": 218, "fields": {"action_time": "2021-09-04T09:42:23.957Z", "user": 2, "content_type": 7, "object_id": "70", "object_repr": "IOSIK PETUH", "action_flag": 3, "change_message": ""}}, {"model": "admin.logentry", "pk": 219, "fields": {"action_time": "2021-09-04T09:42:23.957Z", "user": 2, "content_type": 7, "object_id": "69", "object_repr": "ASLASN", "action_flag": 3, "change_message": ""}}, {"model": "admin.logentry", "pk": 220, "fields": {"action_time": "2021-09-04T09:42:23.958Z", "user": 2, "content_type": 7, "object_id": "68", "object_repr": "asd12e1221", "action_flag": 3, "change_message": ""}}, {"model": "admin.logentry", "pk": 221, "fields": {"action_time": "2021-09-04T09:42:23.958Z", "user": 2, "content_type": 7, "object_id": "67", "object_repr": "asdasdqw", "action_flag": 3, "change_message": ""}}, {"model": "admin.logentry", "pk": 222, "fields": {"action_time": "2021-09-04T09:42:23.959Z", "user": 2, "content_type": 7, "object_id": "66", "object_repr": "asdasdasdasd", "action_flag": 3, "change_message": ""}}, {"model": "admin.logentry", "pk": 223, "fields": {"action_time": "2021-09-04T09:42:23.960Z", "user": 2, "content_type": 7, "object_id": "65", "object_repr": "asdasdasasda", "action_flag": 3, "change_message": ""}}, {"model": "admin.logentry", "pk": 224, "fields": {"action_time": "2021-09-04T09:42:23.960Z", "user": 2, "content_type": 7, "object_id": "64", "object_repr": "фывфывфывфыв", "action_flag": 3, "change_message": ""}}, {"model": "admin.logentry", "pk": 225, "fields": {"action_time": "2021-09-04T09:42:23.961Z", "user": 2, "content_type": 7, "object_id": "63", "object_repr": "ASLASNALSAS", "action_flag": 3, "change_message": ""}}, {"model": "admin.logentry", "pk": 226, "fields": {"action_time": "2021-09-04T09:42:23.961Z", "user": 2, "content_type": 7, "object_id": "62", "object_repr": "ASLASN", "action_flag": 3, "change_message": ""}}, {"model": "admin.logentry", "pk": 227, "fields": {"action_time": "2021-09-04T09:42:23.961Z", "user": 2, "content_type": 7, "object_id": "61", "object_repr": "aslanlasl", "action_flag": 3, "change_message": ""}}, {"model": "admin.logentry", "pk": 228, "fields": {"action_time": "2021-09-04T09:42:23.962Z", "user": 2, "content_type": 7, "object_id": "60", "object_repr": "aslallsa", "action_flag": 3, "change_message": ""}}, {"model": "admin.logentry", "pk": 229, "fields": {"action_time": "2021-09-04T09:42:23.962Z", "user": 2, "content_type": 7, "object_id": "59", "object_repr": "wedasasdasd", "action_flag": 3, "change_message": ""}}, {"model": "admin.logentry", "pk": 230, "fields": {"action_time": "2021-09-04T09:42:23.963Z", "user": 2, "content_type": 7, "object_id": "58", "object_repr": "ИОСИК ПЕТУХ КОЛ", "action_flag": 3, "change_message": ""}}, {"model": "admin.logentry", "pk": 231, "fields": {"action_time": "2021-09-04T09:42:23.964Z", "user": 2, "content_type": 7, "object_id": "57", "object_repr": "IOSIK", "action_flag": 3, "change_message": ""}}, {"model": "admin.logentry", "pk": 232, "fields": {"action_time": "2021-09-04T09:42:23.964Z", "user": 2, "content_type": 7, "object_id": "56", "object_repr": "aslan aslasnans", "action_flag": 3, "change_message": ""}}, {"model": "admin.logentry", "pk": 233, "fields": {"action_time": "2021-09-04T09:42:23.965Z", "user": 2, "content_type": 7, "object_id": "55", "object_repr": "ASLAN SALSNA IO", "action_flag": 3, "change_message": ""}}, {"model": "admin.logentry", "pk": 234, "fields": {"action_time": "2021-09-04T09:42:23.965Z", "user": 2, "content_type": 7, "object_id": "54", "object_repr": "fsdfsdfsdfsd", "action_flag": 3, "change_message": ""}}, {"model": "admin.logentry", "pk": 235, "fields": {"action_time": "2021-09-04T09:42:23.965Z", "user": 2, "content_type": 7, "object_id": "53", "object_repr": "sdfsdfsdf", "action_flag": 3, "change_message": ""}}, {"model": "admin.logentry", "pk": 236, "fields": {"action_time": "2021-09-04T09:42:23.966Z", "user": 2, "content_type": 7, "object_id": "52", "object_repr": "ASLN KRASAVA", "action_flag": 3, "change_message": ""}}, {"model": "admin.logentry", "pk": 237, "fields": {"action_time": "2021-09-04T09:42:23.966Z", "user": 2, "content_type": 7, "object_id": "51", "object_repr": "qwdasdasdasd", "action_flag": 3, "change_message": ""}}, {"model": "admin.logentry", "pk": 238, "fields": {"action_time": "2021-09-04T09:42:23.967Z", "user": 2, "content_type": 7, "object_id": "50", "object_repr": "fsdfs", "action_flag": 3, "change_message": ""}}, {"model": "admin.logentry", "pk": 239, "fields": {"action_time": "2021-09-04T09:42:23.967Z", "user": 2, "content_type": 7, "object_id": "49", "object_repr": "43к3к34а34к43", "action_flag": 3, "change_message": ""}}, {"model": "admin.logentry", "pk": 240, "fields": {"action_time": "2021-09-04T09:42:23.968Z", "user": 2, "content_type": 7, "object_id": "48", "object_repr": "ыввыуцвцу", "action_flag": 3, "change_message": ""}}, {"model": "admin.logentry", "pk": 241, "fields": {"action_time": "2021-09-04T09:42:23.968Z", "user": 2, "content_type": 7, "object_id": "47", "object_repr": "fdd", "action_flag": 3, "change_message": ""}}, {"model": "admin.logentry", "pk": 242, "fields": {"action_time": "2021-09-04T09:42:23.968Z", "user": 2, "content_type": 7, "object_id": "46", "object_repr": "fsdfsdf", "action_flag": 3, "change_message": ""}}, {"model": "admin.logentry", "pk": 243, "fields": {"action_time": "2021-09-04T09:42:23.969Z", "user": 2, "content_type": 7, "object_id": "45", "object_repr": "aslan", "action_flag": 3, "change_message": ""}}, {"model": "admin.logentry", "pk": 244, "fields": {"action_time": "2021-09-04T09:42:23.969Z", "user": 2, "content_type": 7, "object_id": "44", "object_repr": "asdasdsa", "action_flag": 3, "change_message": ""}}, {"model": "admin.logentry", "pk": 245, "fields": {"action_time": "2021-09-04T09:42:23.970Z", "user": 2, "content_type": 7, "object_id": "43", "object_repr": "e23d23d23", "action_flag": 3, "change_message": ""}}, {"model": "admin.logentry", "pk": 246, "fields": {"action_time": "2021-09-04T09:42:23.970Z", "user": 2, "content_type": 7, "object_id": "42", "object_repr": "asdqdas", "action_flag": 3, "change_message": ""}}, {"model": "admin.logentry", "pk": 247, "fields": {"action_time": "2021-09-04T09:42:23.971Z", "user": 2, "content_type": 7, "object_id": "41", "object_repr": "sdfsfe433", "action_flag": 3, "change_message": ""}}, {"model": "admin.logentry", "pk": 248, "fields": {"action_time": "2021-09-04T09:42:23.971Z", "user": 2, "content_type": 7, "object_id": "40", "object_repr": "adf32232", "action_flag": 3, "change_message": ""}}, {"model": "admin.logentry", "pk": 249, "fields": {"action_time": "2021-09-04T09:42:23.971Z", "user": 2, "content_type": 7, "object_id": "39", "object_repr": "adfsafsa", "action_flag": 3, "change_message": ""}}, {"model": "admin.logentry", "pk": 250, "fields": {"action_time": "2021-09-04T09:42:23.972Z", "user": 2, "content_type": 7, "object_id": "38", "object_repr": "123123", "action_flag": 3, "change_message": ""}}, {"model": "admin.logentry", "pk": 251, "fields": {"action_time": "2021-09-04T09:42:23.972Z", "user": 2, "content_type": 7, "object_id": "30", "object_repr": "ASLANfsdfsdfsdd", "action_flag": 3, "change_message": ""}}, {"model": "admin.logentry", "pk": 252, "fields": {"action_time": "2021-09-04T09:45:34.086Z", "user": 2, "content_type": 7, "object_id": "106", "object_repr": "Этот пост про о", "action_flag": 3, "change_message": ""}}, {"model": "admin.logentry", "pk": 253, "fields": {"action_time": "2021-09-04T09:45:34.088Z", "user": 2, "content_type": 7, "object_id": "105", "object_repr": "Этот пост про н", "action_flag": 3, "change_message": ""}}, {"model": "admin.logentry", "pk": 254, "fields": {"action_time": "2021-09-04T09:45:34.089Z", "user": 2, "content_type": 7, "object_id": "104", "object_repr": "Этот пост про н", "action_flag": 3, "change_message": ""}}, {"model": "admin.logentry", "pk": 255, "fields": {"action_time": "2021-09-04T09:45:34.090Z", "user": 2, "content_type": 7, "object_id": "14", "object_repr": "Этот пост самый", "action_flag": 3, "change_message": ""}}, {"model": "admin.logentry", "pk": 256, "fields": {"action_time": "2021-09-04T09:47:08.787Z", "user": 2, "content_type": 7, "object_id": "29", "object_repr": "Сотрудники МЧС ", "action_flag": 2, "change_message": "[{\"changed\": {\"fields\": [\"image\"]}}]"}}, {"model": "admin.logentry", "pk": 257, "fields": {"action_time": "2021-09-04T09:49:37.132Z", "user": 2, "content_type": 7, "object_id": "13", "object_repr": "Российская комп", "action_flag": 2, "change_message": "[{\"changed\": {\"fields\": [\"image\"]}}]"}}, {"model": "admin.logentry", "pk": 258, "fields": {"action_time": "2021-09-04T09:50:43.090Z", "user": 2, "content_type": 7, "object_id": "12", "object_repr": "Подразделение «", "action_flag": 2, "change_message": "[{\"changed\": {\"fields\": [\"image\"]}}]"}}, {"model": "admin.logentry", "pk": 259, "fields": {"action_time": "2021-09-04T09:53:38.800Z", "user": 2, "content_type": 7, "object_id": "11", "object_repr": "Сотрудники МЧС ", "action_flag": 2, "change_message": "[{\"changed\": {\"fields\": [\"image\"]}}]"}}, {"model": "admin.logentry", "pk": 260, "fields": {"action_time": "2021-09-04T09:54:28.668Z", "user": 2, "content_type": 7, "object_id": "10", "object_repr": "Команда, в кото", "action_flag": 2, "change_message": "[{\"changed\": {\"fields\": [\"image\"]}}]"}}, {"model": "admin.logentry", "pk": 261, "fields": {"action_time": "2021-09-04T09:54:51.057Z", "user": 2, "content_type": 7, "object_id": "9", "object_repr": "Офис Mail.Ru Gr", "action_flag": 2, "change_message": "[{\"changed\": {\"fields\": [\"image\"]}}]"}}, {"model": "admin.logentry", "pk": 262, "fields": {"action_time": "2021-09-04T09:56:01.055Z", "user": 2, "content_type": 7, "object_id": "10", "object_repr": "Команда, в кото", "action_flag": 2, "change_message": "[{\"changed\": {\"fields\": [\"image\"]}}]"}}, {"model": "admin.logentry", "pk": 263, "fields": {"action_time": "2021-09-04T09:56:37.371Z", "user": 2, "content_type": 7, "object_id": "8", "object_repr": "Mail.ru Group у", "action_flag": 2, "change_message": "[{\"changed\": {\"fields\": [\"image\"]}}]"}}, {"model": "admin.logentry", "pk": 264, "fields": {"action_time": "2021-09-04T09:57:15.143Z", "user": 2, "content_type": 7, "object_id": "6", "object_repr": "Транспортная пр", "action_flag": 2, "change_message": "[{\"changed\": {\"fields\": [\"image\"]}}]"}}, {"model": "admin.logentry", "pk": 265, "fields": {"action_time": "2021-09-04T09:58:09.202Z", "user": 2, "content_type": 7, "object_id": "2", "object_repr": "Администрация Y", "action_flag": 2, "change_message": "[{\"changed\": {\"fields\": [\"image\"]}}]"}}, {"model": "admin.logentry", "pk": 266, "fields": {"action_time": "2021-09-04T09:58:49.940Z", "user": 2, "content_type": 7, "object_id": "3", "object_repr": "Антимонопольный", "action_flag": 2, "change_message": "[{\"changed\": {\"fields\": [\"image\"]}}]"}}, {"model": "admin.logentry", "pk": 267, "fields": {"action_time": "2021-09-04T10:14:15.640Z", "user": 2, "content_type": 7, "object_id": "9", "object_repr": "Офис Mail.Ru Gr", "action_flag": 2, "change_message": "[{\"changed\": {\"fields\": [\"image\"]}}]"}}, {"model": "admin.logentry", "pk": 268, "fields": {"action_time": "2021-09-04T10:15:29.469Z", "user": 2, "content_type": 7, "object_id": "7", "object_repr": "Компанию Google", "action_flag": 2, "change_message": "[{\"changed\": {\"fields\": [\"image\"]}}]"}}, {"model": "admin.logentry", "pk": 269, "fields": {"action_time": "2021-09-04T10:16:36.835Z", "user": 2, "content_type": 7, "object_id": "5", "object_repr": "Бывший президен", "action_flag": 2, "change_message": "[{\"changed\": {\"fields\": [\"image\"]}}]"}}, {"model": "admin.logentry", "pk": 270, "fields": {"action_time": "2021-09-04T10:18:30.013Z", "user": 2, "content_type": 7, "object_id": "4", "object_repr": "Более 30 америк", "action_flag": 2, "change_message": "[{\"changed\": {\"fields\": [\"image\"]}}]"}}, {"model": "admin.logentry", "pk": 271, "fields": {"action_time": "2021-09-04T13:26:52.938Z", "user": 2, "content_type": 7, "object_id": "29", "object_repr": "Сотрудники МЧС ", "action_flag": 2, "change_message": "[{\"changed\": {\"fields\": [\"text\"]}}]"}}, {"model": "admin.logentry", "pk": 272, "fields": {"action_time": "2021-09-04T13:32:50.080Z", "user": 2, "content_type": 7, "object_id": "29", "object_repr": "Сотрудники МЧС ", "action_flag": 2, "change_message": "[]"}}, {"model": "admin.logentry", "pk": 273, "fields": {"action_time": "2021-09-04T13:39:08.637Z", "user": 2, "content_type": 8, "object_id": "14", "object_repr": "Товароведы", "action_flag": 3, "change_message": ""}}, {"model": "admin.logentry", "pk": 274, "fields": {"action_time": "2021-09-04T13:39:08.639Z", "user": 2, "content_type": 8, "object_id": "13", "object_repr": "andrey", "action_flag": 3, "change_message": ""}}, {"model": "admin.logentry", "pk": 275, "fields": {"action_time": "2021-09-04T13:39:08.639Z", "user": 2, "content_type": 8, "object_id": "12", "object_repr": "andrey", "action_flag": 3, "change_message": ""}}, {"model": "admin.logentry", "pk": 276, "fields": {"action_time": "2021-09-04T13:39:08.640Z", "user": 2, "content_type": 8, "object_id": "11", "object_repr": "aslan", "action_flag": 3, "change_message": ""}}, {"model": "admin.logentry", "pk": 277, "fields": {"action_time": "2021-09-04T13:39:08.640Z", "user": 2, "content_type": 8, "object_id": "10", "object_repr": "andre", "action_flag": 3, "change_message": ""}}, {"model": "admin.logentry", "pk": 278, "fields": {"action_time": "2021-09-04T13:39:08.641Z", "user": 2, "content_type": 8, "object_id": "9", "object_repr": "mail2", "action_flag": 3, "change_message": ""}}, {"model": "admin.logentry", "pk": 279, "fields": {"action_time": "2021-09-04T13:39:08.641Z", "user": 2, "content_type": 8, "object_id": "8", "object_repr": "yandex2", "action_flag": 3, "change_message": ""}}, {"model": "admin.logentry", "pk": 280, "fields": {"action_time": "2021-09-04T13:39:08.642Z", "user": 2, "content_type": 8, "object_id": "7", "object_repr": "google5", "action_flag": 3, "change_message": ""}}, {"model": "admin.logentry", "pk": 281, "fields": {"action_time": "2021-09-04T13:39:08.642Z", "user": 2, "content_type": 8, "object_id": "6", "object_repr": "google4", "action_flag": 3, "change_message": ""}}, {"model": "admin.logentry", "pk": 282, "fields": {"action_time": "2021-09-04T13:39:08.643Z", "user": 2, "content_type": 8, "object_id": "5", "object_repr": "google3", "action_flag": 3, "change_message": ""}}, {"model": "admin.logentry", "pk": 283, "fields": {"action_time": "2021-09-04T13:39:08.643Z", "user": 2, "content_type": 8, "object_id": "4", "object_repr": "Google2", "action_flag": 3, "change_message": ""}}, {"model": "admin.logentry", "pk": 284, "fields": {"action_time": "2021-09-05T14:05:43.493Z", "user": 1, "content_type": 11, "object_id": "502", "object_repr": "Follower: admin, Following: admin", "action_flag": 3, "change_message": ""}}, {"model": "admin.logentry", "pk": 285, "fields": {"action_time": "2021-09-05T14:08:21.071Z", "user": 1, "content_type": 11, "object_id": "516", "object_repr": "Follower: admin, Following: admin", "action_flag": 3, "change_message": ""}}, {"model": "admin.logentry", "pk": 286, "fields": {"action_time": "2021-09-05T14:12:34.513Z", "user": 1, "content_type": 11, "object_id": "522", "object_repr": "Follower: admin, Following: admin", "action_flag": 3, "change_message": ""}}, {"model": "admin.logentry", "pk": 287, "fields": {"action_time": "2021-09-05T14:13:30.928Z", "user": 1, "content_type": 11, "object_id": "523", "object_repr": "Follower: admin, Following: admin", "action_flag": 3, "change_message": ""}}, {"model": "admin.logentry", "pk": 288, "fields": {"action_time": "2021-09-05T14:14:14.568Z", "user": 1, "content_type": 11, "object_id": "524", "object_repr": "Follower: admin, Following: admin", "action_flag": 3, "change_message": ""}}, {"model": "admin.logentry", "pk": 289, "fields": {"action_time": "2021-09-05T14:18:52.426Z", "user": 1, "content_type": 11, "object_id": "525", "object_repr": "Follower: admin, Following: admin", "action_flag": 3, "change_message": ""}}, {"model": "admin.logentry", "pk": 290, "fields": {"action_time": "2021-09-05T14:19:58.322Z", "user": 1, "content_type": 11, "object_id": "531", "object_repr": "Follower: admin, Following: admin", "action_flag": 3, "change_message": ""}}, {"model": "admin.logentry", "pk": 291, "fields": {"action_time": "2021-09-05T14:21:33.815Z", "user": 1, "content_type": 11, "object_id": "532", "object_repr": "Follower: admin, Following: admin", "action_flag": 3, "change_message": ""}}, {"model": "admin.logentry", "pk": 292, "fields": {"action_time": "2021-09-05T14:21:51.422Z", "user": 1, "content_type": 11, "object_id": "533", "object_repr": "Follower: admin, Following: admin", "action_flag": 3, "change_message": ""}}, {"model": "admin.logentry", "pk": 293, "fields": {"action_time": "2021-09-05T14:25:34.943Z", "user": 1, "content_type": 11, "object_id": "534", "object_repr": "Follower: admin, Following: admin", "action_flag": 3, "change_message": ""}}, {"model": "admin.logentry", "pk": 294, "fields": {"action_time": "2021-09-05T14:49:36.688Z", "user": 1, "content_type": 11, "object_id": "543", "object_repr": "Follower: admin, Following: aslan", "action_flag": 3, "change_message": ""}}, {"model": "admin.logentry", "pk": 295, "fields": {"action_time": "2021-09-07T22:25:36.968Z", "user": 2, "content_type": 7, "object_id": "120", "object_repr": "ALOHA", "action_flag": 1, "change_message": "[{\"added\": {}}]"}}, {"model": "admin.logentry", "pk": 296, "fields": {"action_time": "2021-09-08T15:45:02.786Z", "user": 1, "content_type": 10, "object_id": "73", "object_repr": "czxcsacdas", "action_flag": 3, "change_message": ""}}, {"model": "admin.logentry", "pk": 297, "fields": {"action_time": "2021-09-08T15:45:02.789Z", "user": 1, "content_type": 10, "object_id": "72", "object_repr": ";,l", "action_flag": 3, "change_message": ""}}, {"model": "admin.logentry", "pk": 298, "fields": {"action_time": "2021-09-08T15:45:02.790Z", "user": 1, "content_type": 10, "object_id": "71", "object_repr": "m", "action_flag": 3, "change_message": ""}}, {"model": "admin.logentry", "pk": 299, "fields": {"action_time": "2021-09-08T15:45:02.791Z", "user": 1, "content_type": 10, "object_id": "70", "object_repr": "fwefwefsdf", "action_flag": 3, "change_message": ""}}, {"model": "admin.logentry", "pk": 300, "fields": {"action_time": "2021-09-08T15:45:02.792Z", "user": 1, "content_type": 10, "object_id": "69", "object_repr": "fsdfsf", "action_flag": 3, "change_message": ""}}, {"model": "admin.logentry", "pk": 301, "fields": {"action_time": "2021-09-08T15:45:02.794Z", "user": 1, "content_type": 10, "object_id": "68", "object_repr": "fsdfsdf", "action_flag": 3, "change_message": ""}}, {"model": "admin.logentry", "pk": 302, "fields": {"action_time": "2021-09-08T15:45:02.795Z", "user": 1, "content_type": 10, "object_id": "67", "object_repr": "fsdfs", "action_flag": 3, "change_message": ""}}, {"model": "admin.logentry", "pk": 303, "fields": {"action_time": "2021-09-08T15:45:02.795Z", "user": 1, "content_type": 10, "object_id": "66", "object_repr": "fsdfsdf", "action_flag": 3, "change_message": ""}}, {"model": "admin.logentry", "pk": 304, "fields": {"action_time": "2021-09-08T15:45:02.796Z", "user": 1, "content_type": 10, "object_id": "65", "object_repr": "sdfsdfsdf", "action_flag": 3, "change_message": ""}}, {"model": "admin.logentry", "pk": 305, "fields": {"action_time": "2021-09-08T15:45:02.797Z", "user": 1, "content_type": 10, "object_id": "64", "object_repr": "fsdfsdf", "action_flag": 3, "change_message": ""}}, {"model": "admin.logentry", "pk": 306, "fields": {"action_time": "2021-09-08T15:45:02.798Z", "user": 1, "content_type": 10, "object_id": "63", "object_repr": "fsdfsdf", "action_flag": 3, "change_message": ""}}, {"model": "admin.logentry", "pk": 307, "fields": {"action_time": "2021-09-08T15:45:02.799Z", "user": 1, "content_type": 10, "object_id": "62", "object_repr": "fsdfsdfsdf", "action_flag": 3, "change_message": ""}}, {"model": "admin.logentry", "pk": 308, "fields": {"action_time": "2021-09-08T15:45:02.799Z", "user": 1, "content_type": 10, "object_id": "61", "object_repr": "fsdfsd", "action_flag": 3, "change_message": ""}}, {"model": "admin.logentry", "pk": 309, "fields": {"action_time": "2021-09-08T15:45:02.800Z", "user": 1, "content_type": 10, "object_id": "60", "object_repr": "eeeeee", "action_flag": 3, "change_message": ""}}, {"model": "admin.logentry", "pk": 310, "fields": {"action_time": "2021-09-08T15:45:02.801Z", "user": 1, "content_type": 10, "object_id": "59", "object_repr": "fefsdf", "action_flag": 3, "change_message": ""}}, {"model": "admin.logentry", "pk": 311, "fields": {"action_time": "2021-09-08T15:45:02.802Z", "user": 1, "content_type": 10, "object_id": "58", "object_repr": "fsdf", "action_flag": 3, "change_message": ""}}, {"model": "admin.logentry", "pk": 312, "fields": {"action_time": "2021-09-08T15:45:02.802Z", "user": 1, "content_type": 10, "object_id": "57", "object_repr": "sdfsdfsdf", "action_flag": 3, "change_message": ""}}, {"model": "admin.logentry", "pk": 313, "fields": {"action_time": "2021-09-08T15:45:02.803Z", "user": 1, "content_type": 10, "object_id": "56", "object_repr": "fdsfs", "action_flag": 3, "change_message": ""}}, {"model": "admin.logentry", "pk": 314, "fields": {"action_time": "2021-09-08T15:45:02.804Z", "user": 1, "content_type": 10, "object_id": "55", "object_repr": "knojkn", "action_flag": 3, "change_message": ""}}, {"model": "admin.logentry", "pk": 315, "fields": {"action_time": "2021-09-08T15:45:02.805Z", "user": 1, "content_type": 10, "object_id": "54", "object_repr": "fsdf", "action_flag": 3, "change_message": ""}}, {"model": "admin.logentry", "pk": 316, "fields": {"action_time": "2021-09-08T15:45:02.806Z", "user": 1, "content_type": 10, "object_id": "53", "object_repr": "ouhyuvuybuyibi", "action_flag": 3, "change_message": ""}}, {"model": "admin.logentry", "pk": 317, "fields": {"action_time": "2021-09-08T15:45:02.806Z", "user": 1, "content_type": 10, "object_id": "52", "object_repr": "I", "action_flag": 3, "change_message": ""}}, {"model": "admin.logentry", "pk": 318, "fields": {"action_time": "2021-09-08T15:45:02.807Z", "user": 1, "content_type": 10, "object_id": "51", "object_repr": "xx", "action_flag": 3, "change_message": ""}}, {"model": "admin.logentry", "pk": 319, "fields": {"action_time": "2021-09-08T15:45:02.808Z", "user": 1, "content_type": 10, "object_id": "50", "object_repr": "sdf2e", "action_flag": 3, "change_message": ""}}, {"model": "admin.logentry", "pk": 320, "fields": {"action_time": "2021-09-08T15:45:02.808Z", "user": 1, "content_type": 10, "object_id": "49", "object_repr": "fsdfsd", "action_flag": 3, "change_message": ""}}, {"model": "admin.logentry", "pk": 321, "fields": {"action_time": "2021-09-08T15:45:02.809Z", "user": 1, "content_type": 10, "object_id": "48", "object_repr": "asdfs", "action_flag": 3, "change_message": ""}}, {"model": "admin.logentry", "pk": 322, "fields": {"action_time": "2021-09-08T15:45:02.810Z", "user": 1, "content_type": 10, "object_id": "47", "object_repr": "аква", "action_flag": 3, "change_message": ""}}, {"model": "admin.logentry", "pk": 323, "fields": {"action_time": "2021-09-08T15:45:02.810Z", "user": 1, "content_type": 10, "object_id": "46", "object_repr": "fsdf", "action_flag": 3, "change_message": ""}}, {"model": "admin.logentry", "pk": 324, "fields": {"action_time": "2021-09-08T15:45:02.811Z", "user": 1, "content_type": 10, "object_id": "45", "object_repr": "fsdfsdfsdf", "action_flag": 3, "change_message": ""}}, {"model": "admin.logentry", "pk": 325, "fields": {"action_time": "2021-09-08T15:45:02.812Z", "user": 1, "content_type": 10, "object_id": "44", "object_repr": "fsdf", "action_flag": 3, "change_message": ""}}, {"model": "admin.logentry", "pk": 326, "fields": {"action_time": "2021-09-08T15:45:02.812Z", "user": 1, "content_type": 10, "object_id": "43", "object_repr": "wer", "action_flag": 3, "change_message": ""}}, {"model": "admin.logentry", "pk": 327, "fields": {"action_time": "2021-09-08T15:45:02.813Z", "user": 1, "content_type": 10, "object_id": "42", "object_repr": "freer", "action_flag": 3, "change_message": ""}}, {"model": "admin.logentry", "pk": 328, "fields": {"action_time": "2021-09-08T15:45:02.814Z", "user": 1, "content_type": 10, "object_id": "41", "object_repr": "vdsfsd", "action_flag": 3, "change_message": ""}}, {"model": "admin.logentry", "pk": 329, "fields": {"action_time": "2021-09-08T15:45:02.814Z", "user": 1, "content_type": 10, "object_id": "40", "object_repr": "asd", "action_flag": 3, "change_message": ""}}, {"model": "admin.logentry", "pk": 330, "fields": {"action_time": "2021-09-08T15:45:02.815Z", "user": 1, "content_type": 10, "object_id": "39", "object_repr": "fsdfas", "action_flag": 3, "change_message": ""}}, {"model": "admin.logentry", "pk": 331, "fields": {"action_time": "2021-09-08T15:45:02.815Z", "user": 1, "content_type": 10, "object_id": "38", "object_repr": "fsdf", "action_flag": 3, "change_message": ""}}, {"model": "admin.logentry", "pk": 332, "fields": {"action_time": "2021-09-08T15:45:02.816Z", "user": 1, "content_type": 10, "object_id": "37", "object_repr": "hey", "action_flag": 3, "change_message": ""}}, {"model": "admin.logentry", "pk": 333, "fields": {"action_time": "2021-09-08T15:45:02.817Z", "user": 1, "content_type": 10, "object_id": "36", "object_repr": "ыаыва", "action_flag": 3, "change_message": ""}}, {"model": "admin.logentry", "pk": 334, "fields": {"action_time": "2021-09-08T15:45:02.817Z", "user": 1, "content_type": 10, "object_id": "35", "object_repr": "cxzc", "action_flag": 3, "change_message": ""}}, {"model": "admin.logentry", "pk": 335, "fields": {"action_time": "2021-09-08T15:45:02.818Z", "user": 1, "content_type": 10, "object_id": "34", "object_repr": "dasd", "action_flag": 3, "change_message": ""}}, {"model": "admin.logentry", "pk": 336, "fields": {"action_time": "2021-09-08T15:45:02.818Z", "user": 1, "content_type": 10, "object_id": "33", "object_repr": "fsdfvxcv34", "action_flag": 3, "change_message": ""}}, {"model": "admin.logentry", "pk": 337, "fields": {"action_time": "2021-09-08T15:45:02.819Z", "user": 1, "content_type": 10, "object_id": "32", "object_repr": "fsdf34", "action_flag": 3, "change_message": ""}}, {"model": "admin.logentry", "pk": 338, "fields": {"action_time": "2021-09-08T15:45:02.820Z", "user": 1, "content_type": 10, "object_id": "31", "object_repr": "fsdfvcx", "action_flag": 3, "change_message": ""}}, {"model": "admin.logentry", "pk": 339, "fields": {"action_time": "2021-09-08T15:45:02.820Z", "user": 1, "content_type": 10, "object_id": "30", "object_repr": "dsfsdf23", "action_flag": 3, "change_message": ""}}, {"model": "admin.logentry", "pk": 340, "fields": {"action_time": "2021-09-08T15:45:02.821Z", "user": 1, "content_type": 10, "object_id": "29", "object_repr": "fsdfsd", "action_flag": 3, "change_message": ""}}, {"model": "admin.logentry", "pk": 341, "fields": {"action_time": "2021-09-08T15:45:02.821Z", "user": 1, "content_type": 10, "object_id": "28", "object_repr": "fsdf", "action_flag": 3, "change_message": ""}}, {"model": "admin.logentry", "pk": 342, "fields": {"action_time": "2021-09-08T15:45:02.822Z", "user": 1, "content_type": 10, "object_id": "27", "object_repr": "fsdf", "action_flag": 3, "change_message": ""}}, {"model": "admin.logentry", "pk": 343, "fields": {"action_time": "2021-09-08T15:45:02.823Z", "user": 1, "content_type": 10, "object_id": "26", "object_repr": "fsdf", "action_flag": 3, "change_message": ""}}, {"model": "admin.logentry", "pk": 344, "fields": {"action_time": "2021-09-08T15:45:02.823Z", "user": 1, "content_type": 10, "object_id": "25", "object_repr": "fsdf", "action_flag": 3, "change_message": ""}}, {"model": "admin.logentry", "pk": 345, "fields": {"action_time": "2021-09-08T15:45:02.824Z", "user": 1, "content_type": 10, "object_id": "24", "object_repr": "fdsfsd", "action_flag": 3, "change_message": ""}}, {"model": "admin.logentry", "pk": 346, "fields": {"action_time": "2021-09-08T15:45:02.824Z", "user": 1, "content_type": 10, "object_id": "23", "object_repr": "fsdfsdfs", "action_flag": 3, "change_message": ""}}, {"model": "admin.logentry", "pk": 347, "fields": {"action_time": "2021-09-08T15:45:02.825Z", "user": 1, "content_type": 10, "object_id": "22", "object_repr": "fsdf", "action_flag": 3, "change_message": ""}}, {"model": "admin.logentry", "pk": 348, "fields": {"action_time": "2021-09-08T15:45:02.825Z", "user": 1, "content_type": 10, "object_id": "21", "object_repr": "fsdfs", "action_flag": 3, "change_message": ""}}, {"model": "admin.logentry", "pk": 349, "fields": {"action_time": "2021-09-08T15:45:02.826Z", "user": 1, "content_type": 10, "object_id": "20", "object_repr": "Классный пост!", "action_flag": 3, "change_message": ""}}, {"model": "admin.logentry", "pk": 350, "fields": {"action_time": "2021-09-08T15:45:02.826Z", "user": 1, "content_type": 10, "object_id": "19", "object_repr": "Классный пост!", "action_flag": 3, "change_message": ""}}, {"model": "admin.logentry", "pk": 351, "fields": {"action_time": "2021-09-08T15:45:02.827Z", "user": 1, "content_type": 10, "object_id": "16", "object_repr": "Монголам привет", "action_flag": 3, "change_message": ""}}, {"model": "admin.logentry", "pk": 352, "fields": {"action_time": "2021-09-08T15:48:33.338Z", "user": 2, "content_type": 10, "object_id": "75", "object_repr": "пваыва", "action_flag": 3, "change_message": ""}}, {"model": "admin.logentry", "pk": 353, "fields": {"action_time": "2021-09-08T15:48:33.340Z", "user": 2, "content_type": 10, "object_id": "74", "object_repr": "вфывфыв", "action_flag": 3, "change_message": ""}}, {"model": "admin.logentry", "pk": 354, "fields": {"action_time": "2021-09-08T16:11:23.962Z", "user": 1, "content_type": 10, "object_id": "83", "object_repr": "авыаыв", "action_flag": 3, "change_message": ""}}, {"model": "admin.logentry", "pk": 355, "fields": {"action_time": "2021-09-08T16:11:23.965Z", "user": 1, "content_type": 10, "object_id": "82", "object_repr": "dasda", "action_flag": 3, "change_message": ""}}, {"model": "admin.logentry", "pk": 356, "fields": {"action_time": "2021-09-08T16:11:23.967Z", "user": 1, "content_type": 10, "object_id": "81", "object_repr": "dasdas", "action_flag": 3, "change_message": ""}}, {"model": "admin.logentry", "pk": 357, "fields": {"action_time": "2021-09-08T16:11:23.969Z", "user": 1, "content_type": 10, "object_id": "80", "object_repr": "dsada", "action_flag": 3, "change_message": ""}}, {"model": "admin.logentry", "pk": 358, "fields": {"action_time": "2021-09-08T16:11:23.971Z", "user": 1, "content_type": 10, "object_id": "79", "object_repr": "выфвфы", "action_flag": 3, "change_message": ""}}, {"model": "admin.logentry", "pk": 359, "fields": {"action_time": "2021-09-08T16:11:23.973Z", "user": 1, "content_type": 10, "object_id": "78", "object_repr": "выфвфы", "action_flag": 3, "change_message": ""}}, {"model": "admin.logentry", "pk": 360, "fields": {"action_time": "2021-09-08T16:11:23.974Z", "user": 1, "content_type": 10, "object_id": "77", "object_repr": "123123", "action_flag": 3, "change_message": ""}}, {"model": "admin.logentry", "pk": 361, "fields": {"action_time": "2021-09-08T16:11:23.976Z", "user": 1, "content_type": 10, "object_id": "76", "object_repr": "123", "action_flag": 3, "change_message": ""}}, {"model": "admin.logentry", "pk": 362, "fields": {"action_time": "2021-09-08T18:50:56.626Z", "user": 1, "content_type": 10, "object_id": "87", "object_repr": "gfdgdf", "action_flag": 3, "change_message": ""}}, {"model": "admin.logentry", "pk": 363, "fields": {"action_time": "2021-09-08T18:50:56.629Z", "user": 1, "content_type": 10, "object_id": "86", "object_repr": "fsdfsdf", "action_flag": 3, "change_message": ""}}, {"model": "admin.logentry", "pk": 364, "fields": {"action_time": "2021-09-08T18:50:56.631Z", "user": 1, "content_type": 10, "object_id": "85", "object_repr": "fdsfsd", "action_flag": 3, "change_message": ""}}, {"model": "admin.logentry", "pk": 365, "fields": {"action_time": "2021-09-08T18:50:56.632Z", "user": 1, "content_type": 10, "object_id": "84", "object_repr": "fdsfsd", "action_flag": 3, "change_message": ""}}, {"model": "admin.logentry", "pk": 366, "fields": {"action_time": "2021-09-08T19:59:06.857Z", "user": 1, "content_type": 10, "object_id": "96", "object_repr": "sdfsdf", "action_flag": 3, "change_message": ""}}, {"model": "admin.logentry", "pk": 367, "fields": {"action_time": "2021-09-08T19:59:06.859Z", "user": 1, "content_type": 10, "object_id": "95", "object_repr": "asdfs", "action_flag": 3, "change_message": ""}}, {"model": "admin.logentry", "pk": 368, "fields": {"action_time": "2021-09-08T19:59:06.861Z", "user": 1, "content_type": 10, "object_id": "94", "object_repr": "asdfs", "action_flag": 3, "change_message": ""}}, {"model": "admin.logentry", "pk": 369, "fields": {"action_time": "2021-09-08T19:59:06.862Z", "user": 1, "content_type": 10, "object_id": "93", "object_repr": "fsdfsd", "action_flag": 3, "change_message": ""}}, {"model": "admin.logentry", "pk": 370, "fields": {"action_time": "2021-09-08T19:59:06.864Z", "user": 1, "content_type": 10, "object_id": "92", "object_repr": "dasdasd", "action_flag": 3, "change_message": ""}}, {"model": "admin.logentry", "pk": 371, "fields": {"action_time": "2021-09-08T19:59:06.865Z", "user": 1, "content_type": 10, "object_id": "91", "object_repr": "fdsfsdf", "action_flag": 3, "change_message": ""}}, {"model": "admin.logentry", "pk": 372, "fields": {"action_time": "2021-09-08T19:59:06.867Z", "user": 1, "content_type": 10, "object_id": "90", "object_repr": "dfsfs", "action_flag": 3, "change_message": ""}}, {"model": "admin.logentry", "pk": 373, "fields": {"action_time": "2021-09-08T19:59:06.868Z", "user": 1, "content_type": 10, "object_id": "89", "object_repr": "dasdas", "action_flag": 3, "change_message": ""}}, {"model": "admin.logentry", "pk": 374, "fields": {"action_time": "2021-09-08T19:59:06.870Z", "user": 1, "content_type": 10, "object_id": "88", "object_repr": "fdsfsdf", "action_flag": 3, "change_message": ""}}, {"model": "admin.logentry", "pk": 375, "fields": {"action_time": "2021-09-08T20:03:20.129Z", "user": 1, "content_type": 10, "object_id": "100", "object_repr": "fads", "action_flag": 3, "change_message": ""}}, {"model": "admin.logentry", "pk": 376, "fields": {"action_time": "2021-09-08T20:03:20.132Z", "user": 1, "content_type": 10, "object_id": "99", "object_repr": "dsdasd", "action_flag": 3, "change_message": ""}}, {"model": "admin.logentry", "pk": 377, "fields": {"action_time": "2021-09-08T20:03:20.133Z", "user": 1, "content_type": 10, "object_id": "98", "object_repr": "dasd", "action_flag": 3, "change_message": ""}}, {"model": "admin.logentry", "pk": 378, "fields": {"action_time": "2021-09-08T20:03:20.135Z", "user": 1, "content_type": 10, "object_id": "97", "object_repr": "fsdfsdf", "action_flag": 3, "change_message": ""}}, {"model": "admin.logentry", "pk": 379, "fields": {"action_time": "2022-01-03T23:37:59.531Z", "user": 1, "content_type": 10, "object_id": "119", "object_repr": "sdfs", "action_flag": 3, "change_message": ""}}, {"model": "admin.logentry", "pk": 380, "fields": {"action_time": "2022-01-03T23:37:59.535Z", "user": 1, "content_type": 10, "object_id": "118", "object_repr": "fsdfsdf", "action_flag": 3, "change_message": ""}}, {"model": "admin.logentry", "pk": 381, "fields": {"action_time": "2022-01-03T23:37:59.537Z", "user": 1, "content_type": 10, "object_id": "117", "object_repr": "asdasd", "action_flag": 3, "change_message": ""}}, {"model": "admin.logentry", "pk": 382, "fields": {"action_time": "2022-01-03T23:37:59.539Z", "user": 1, "content_type": 10, "object_id": "116", "object_repr": "fasfsa", "action_flag": 3, "change_message": ""}}, {"model": "admin.logentry", "pk": 383, "fields": {"action_time": "2022-01-03T23:37:59.540Z", "user": 1, "content_type": 10, "object_id": "115", "object_repr": "344566uy", "action_flag": 3, "change_message": ""}}, {"model": "admin.logentry", "pk": 384, "fields": {"action_time": "2022-01-03T23:37:59.541Z", "user": 1, "content_type": 10, "object_id": "114", "object_repr": "dfasdas", "action_flag": 3, "change_message": ""}}, {"model": "admin.logentry", "pk": 385, "fields": {"action_time": "2022-01-03T23:37:59.542Z", "user": 1, "content_type": 10, "object_id": "113", "object_repr": "asdq", "action_flag": 3, "change_message": ""}}, {"model": "admin.logentry", "pk": 386, "fields": {"action_time": "2022-01-03T23:37:59.544Z", "user": 1, "content_type": 10, "object_id": "112", "object_repr": "asdas", "action_flag": 3, "change_message": ""}}, {"model": "admin.logentry", "pk": 387, "fields": {"action_time": "2022-01-03T23:37:59.545Z", "user": 1, "content_type": 10, "object_id": "111", "object_repr": "sadas", "action_flag": 3, "change_message": ""}}, {"model": "admin.logentry", "pk": 388, "fields": {"action_time": "2022-01-03T23:37:59.546Z", "user": 1, "content_type": 10, "object_id": "110", "object_repr": "вывфы", "action_flag": 3, "change_message": ""}}, {"model": "admin.logentry", "pk": 389, "fields": {"action_time": "2022-01-03T23:37:59.548Z", "user": 1, "content_type": 10, "object_id": "109", "object_repr": "faefsdfad", "action_flag": 3, "change_message": ""}}, {"model": "admin.logentry", "pk": 390, "fields": {"action_time": "2022-01-03T23:37:59.549Z", "user": 1, "content_type": 10, "object_id": "108", "object_repr": "fdsfsdf", "action_flag": 3, "change_message": ""}}, {"model": "admin.logentry", "pk": 391, "fields": {"action_time": "2022-01-03T23:37:59.550Z", "user": 1, "content_type": 10, "object_id": "107", "object_repr": "iion", "action_flag": 3, "change_message": ""}}, {"model": "admin.logentry", "pk": 392, "fields": {"action_time": "2022-01-03T23:37:59.551Z", "user": 1, "content_type": 10, "object_id": "106", "object_repr": "dasd", "action_flag": 3, "change_message": ""}}, {"model": "admin.logentry", "pk": 393, "fields": {"action_time": "2022-01-03T23:37:59.552Z", "user": 1, "content_type": 10, "object_id": "105", "object_repr": "asdas", "action_flag": 3, "change_message": ""}}, {"model": "admin.logentry", "pk": 394, "fields": {"action_time": "2022-01-03T23:37:59.553Z", "user": 1, "content_type": 10, "object_id": "104", "object_repr": "dasda", "action_flag": 3, "change_message": ""}}, {"model": "admin.logentry", "pk": 395, "fields": {"action_time": "2022-01-03T23:37:59.553Z", "user": 1, "content_type": 10, "object_id": "103", "object_repr": "fad1212", "action_flag": 3, "change_message": ""}}, {"model": "admin.logentry", "pk": 396, "fields": {"action_time": "2022-01-03T23:37:59.554Z", "user": 1, "content_type": 10, "object_id": "102", "object_repr": "fsdf", "action_flag": 3, "change_message": ""}}, {"model": "admin.logentry", "pk": 397, "fields": {"action_time": "2022-01-03T23:37:59.555Z", "user": 1, "content_type": 10, "object_id": "101", "object_repr": "fadfas", "action_flag": 3, "change_message": ""}}, {"model": "auth.permission", "pk": 1, "fields": {"name": "Can add log entry", "content_type": 1, "codename": "add_logentry"}}, {"model": "auth.permission", "pk": 2, "fields": {"name": "Can change log entry", "content_type": 1, "codename": "change_logentry"}}, {"model": "auth.permission", "pk": 3, "fields": {"name": "Can delete log entry", "content_type": 1, "codename": "delete_logentry"}}, {"model": "auth.permission", "pk": 4, "fields": {"name": "Can view log entry", "content_type": 1, "codename": "view_logentry"}}, {"model": "auth.permission", "pk": 5, "fields": {"name": "Can add permission", "content_type": 2, "codename": "add_permission"}}, {"model": "auth.permission", "pk": 6, "fields": {"name": "Can change permission", "content_type": 2, "codename": "change_permission"}}, {"model": "auth.permission", "pk": 7, "fields": {"name": "Can delete permission", "content_type": 2, "codename": "delete_permission"}}, {"model": "auth.permission", "pk": 8, "fields": {"name": "Can view permission", "content_type": 2, "codename": "view_permission"}}, {"model": "auth.permission", "pk": 9, "fields": {"name": "Can add group", "content_type": 3, "codename": "add_group"}}, {"model": "auth.permission", "pk": 10, "fields": {"name": "Can change group", "content_type": 3, "codename": "change_group"}}, {"model": "auth.permission", "pk": 11, "fields": {"name": "Can delete group", "content_type": 3, "codename": "delete_group"}}, {"model": "auth.permission", "pk": 12, "fields": {"name": "Can view group", "content_type": 3, "codename": "view_group"}}, {"model": "auth.permission", "pk": 13, "fields": {"name": "Can add user", "content_type": 4, "codename": "add_user"}}, {"model": "auth.permission", "pk": 14, "fields": {"name": "Can change user", "content_type": 4, "codename": "change_user"}}, {"model": "auth.permission", "pk": 15, "fields": {"name": "Can delete user", "content_type": 4, "codename": "delete_user"}}, {"model": "auth.permission", "pk": 16, "fields": {"name": "Can view user", "content_type": 4, "codename": "view_user"}}, {"model": "auth.permission", "pk": 17, "fields": {"name": "Can add content type", "content_type": 5, "codename": "add_contenttype"}}, {"model": "auth.permission", "pk": 18, "fields": {"name": "Can change content type", "content_type": 5, "codename": "change_contenttype"}}, {"model": "auth.permission", "pk": 19, "fields": {"name": "Can delete content type", "content_type": 5, "codename": "delete_contenttype"}}, {"model": "auth.permission", "pk": 20, "fields": {"name": "Can view content type", "content_type": 5, "codename": "view_contenttype"}}, {"model": "auth.permission", "pk": 21, "fields": {"name": "Can add session", "content_type": 6, "codename": "add_session"}}, {"model": "auth.permission", "pk": 22, "fields": {"name": "Can change session", "content_type": 6, "codename": "change_session"}}, {"model": "auth.permission", "pk": 23, "fields": {"name": "Can delete session", "content_type": 6, "codename": "delete_session"}}, {"model": "auth.permission", "pk": 24, "fields": {"name": "Can view session", "content_type": 6, "codename": "view_session"}}, {"model": "auth.permission", "pk": 25, "fields": {"name": "Can add post", "content_type": 7, "codename": "add_post"}}, {"model": "auth.permission", "pk": 26, "fields": {"name": "Can change post", "content_type": 7, "codename": "change_post"}}, {"model": "auth.permission", "pk": 27, "fields": {"name": "Can delete post", "content_type": 7, "codename": "delete_post"}}, {"model": "auth.permission", "pk": 28, "fields": {"name": "Can view post", "content_type": 7, "codename": "view_post"}}, {"model": "auth.permission", "pk": 29, "fields": {"name": "Can add group", "content_type": 8, "codename": "add_group"}}, {"model": "auth.permission", "pk": 30, "fields": {"name": "Can change group", "content_type": 8, "codename": "change_group"}}, {"model": "auth.permission", "pk": 31, "fields": {"name": "Can delete group", "content_type": 8, "codename": "delete_group"}}, {"model": "auth.permission", "pk": 32, "fields": {"name": "Can view group", "content_type": 8, "codename": "view_group"}}, {"model": "auth.permission", "pk": 33, "fields": {"name": "Can add kv store", "content_type": 9, "codename": "add_kvstore"}}, {"model": "auth.permission", "pk": 34, "fields": {"name": "Can change kv store", "content_type": 9, "codename": "change_kvstore"}}, {"model": "auth.permission", "pk": 35, "fields": {"name": "Can delete kv store", "content_type": 9, "codename": "delete_kvstore"}}, {"model": "auth.permission", "pk": 36, "fields": {"name": "Can view kv store", "content_type": 9, "codename": "view_kvstore"}}, {"model": "auth.permission", "pk": 37, "fields": {"name": "Can add comment", "content_type": 10, "codename": "add_comment"}}, {"model": "auth.permission", "pk": 38, "fields": {"name": "Can change comment", "content_type": 10, "codename": "change_comment"}}, {"model": "auth.permission", "pk": 39, "fields": {"name": "Can delete comment", "content_type": 10, "codename": "delete_comment"}}, {"model": "auth.permission", "pk": 40, "fields": {"name": "Can view comment", "content_type": 10, "codename": "view_comment"}}, {"model": "auth.permission", "pk": 41, "fields": {"name": "Can add follow", "content_type": 11, "codename": "add_follow"}}, {"model": "auth.permission", "pk": 42, "fields": {"name": "Can change follow", "content_type": 11, "codename": "change_follow"}}, {"model": "auth.permission", "pk": 43, "fields": {"name": "Can delete follow", "content_type": 11, "codename": "delete_follow"}}, {"model": "auth.permission", "pk": 44, "fields": {"name": "Can view follow", "content_type": 11, "codename": "view_follow"}}, {"model": "auth.user", "pk": 1, "fields": {"password": "pbkdf2_sha256$216000$IUWAFKg9xQ48$WfJOzHnIjCLkOvpT+w8dw2fxQSCLtPMBJRSEEpvcZRc=", "last_login": "2022-01-03T23:24:42.064Z", "is_superuser": true, "username": "admin", "first_name": "Admin", "last_name": "Adminskiy", "email": "HeyAslan@yandex.ru", "is_staff": true, "is_active": true, "date_joined": "2021-07-18T17:52:14Z", "groups": [], "user_permissions": []}}, {"model": "auth.user", "pk": 2, "fields": {"password": "pbkdf2_sha256$216000$40TtDs7iG7qn$8nhyJnBzxGIuLQDsFCPJ++6Z6Wbgcdoxh2stbr04ips=", "last_login": "2021-09-08T20:05:53.339Z", "is_superuser": true, "username": "aslan", "first_name": "Aslan", "last_name": "Gurbanov", "email": "", "is_staff": true, "is_active": true, "date_joined": "2021-07-18T20:43:19Z", "groups": [], "user_permissions": []}}, {"model": "auth.user", "pk": 3, "fields": {"password": "pbkdf2_sha256$150000$P0jAyc65SbET$zRg94oGkzjmINANoq+Xxc3rEEVi/2PE3gcwkYLCvcWw=", "last_login": "2021-07-31T17:49:49.823Z", "is_superuser": false, "username": "aslan_st", "first_name": "Aslan", "last_name": "Gurbanov", "email": "", "is_staff": false, "is_active": true, "date_joined": "2021-07-31T16:47:18.407Z", "groups": [], "user_permissions": []}}, {"model": "auth.user", "pk": 4, "fields": {"password": "pbkdf2_sha256$150000$k1tEqkYEnHRE$oaHkoAYVbKg0LpNpgPkn15L/6X/PASFCpmPE2R3Pd4s=", "last_login": "2021-07-31T19:05:34.417Z", "is_superuser": false, "username": "andrey", "first_name": "Andrey", "last_name": "Gurbanov", "email": "HeyAslan@yandex.ru", "is_staff": false, "is_active": true, "date_joined": "2021-07-31T18:37:30.026Z", "groups": [], "user_permissions": []}}, {"model": "auth.user", "pk": 5, "fields": {"password": "pbkdf2_sha256$150000$JXSpT1sod6Fd$1Kev7WEtf1nU2S4kyF39Tpect8STiwekEAxCBoBglDo=", "last_login": null, "is_superuser": false, "username": "test", "first_name": "test", "last_name": "test", "email": "test@mail.ru", "is_staff": false, "is_active": true, "date_joined": "2021-08-01T09:00:51.965Z", "groups": [], "user_permissions": []}}, {"model": "auth.user", "pk": 6, "fields": {"password": "pbkdf2_sha256$150000$qPwC2cU4QjSK$Ulbt25YK8GTEIfbpXj5r9qQ3rM8d/wdQJD8j4Af3tfc=", "last_login": "2021-08-06T22:40:52.427Z", "is_superuser": false, "username": "gur", "first_name": "Anrey", "last_name": "Gurrr", "email": "30101997@mail.ru", "is_staff": false, "is_active": true, "date_joined": "2021-08-06T00:21:13.406Z", "groups": [], "user_permissions": []}}, {"model": "auth.user", "pk": 7, "fields": {"password": "!M2Um65oZpstqkcisKcIytXnl4d7MxU8PRNtNmPvj", "last_login": null, "is_superuser": false, "username": "tester", "first_name": "", "last_name": "", "email": "", "is_staff": false, "is_active": true, "date_joined": "2021-08-17T21:17:57.156Z", "groups": [], "user_permissions": []}}, {"model": "auth.user", "pk": 8, "fields": {"password": "pbkdf2_sha256$150000$Y5Ifqb5oU17x$0djc1EG041/W0taIfOSRVzTJep2I6hJmaFPmXeijkR8=", "last_login": null, "is_superuser": false, "username": "fffdf", "first_name": "", "last_name": "", "email": "", "is_staff": false, "is_active": true, "date_joined": "2021-08-21T12:46:03.641Z", "groups": [], "user_permissions": []}}, {"model": "auth.user", "pk": 9, "fields": {"password": "pbkdf2_sha256$150000$vScr1Sc2gHxa$dZnjyXhKqB6VMsIXhzNZ0p5JpNLFtcwZeEEByji1c1A=", "last_login": "2021-08-21T12:49:09.184Z", "is_superuser": false, "username": "1", "first_name": "", "last_name": "", "email": "", "is_staff": false, "is_active": true, "date_joined": "2021-08-21T12:49:03.264Z", "groups": [], "user_permissions": []}}, {"model": "auth.user", "pk": 10, "fields": {"password": "pbkdf2_sha256$150000$2bRYKSzXCbvC$fZJN9LNZCNZrwAwbBCTl6tg+uZWMqsnfDgxGw/efjno=", "last_login": "2021-08-29T01:14:02.802Z", "is_superuser": false, "username": "kolya", "first_name": "Kolya_Tovaroved", "last_name": "Товаровед", "email": "", "is_staff": false, "is_active": true, "date_joined": "2021-08-28T17:05:37.494Z", "groups": [], "user_permissions": []}}, {"model": "auth.user", "pk": 11, "fields": {"password": "pbkdf2_sha256$150000$pZVsOkCdYDnc$8Q1NkAcUa5odfk9G08B0lqWGx2oU676Iigft/3HUNzc=", "last_login": null, "is_superuser": false, "username": "frodo", "first_name": "frodo", "last_name": "frodovich", "email": "frodo@mail.ru", "is_staff": false, "is_active": true, "date_joined": "2021-08-29T14:25:17.916Z", "groups": [], "user_permissions": []}}, {"model": "contenttypes.contenttype", "pk": 1, "fields": {"app_label": "admin", "model": "logentry"}}, {"model": "contenttypes.contenttype", "pk": 2, "fields": {"app_label": "auth", "model": "permission"}}, {"model": "contenttypes.contenttype", "pk": 3, "fields": {"app_label": "auth", "model": "group"}}, {"model": "contenttypes.contenttype", "pk": 4, "fields": {"app_label": "auth", "model": "user"}}, {"model": "contenttypes.contenttype", "pk": 5, "fields": {"app_label": "contenttypes", "model": "contenttype"}}, {"model": "contenttypes.contenttype", "pk": 6, "fields": {"app_label": "sessions", "model": "session"}}, {"model": "contenttypes.contenttype", "pk": 7, "fields": {"app_label": "posts", "model": "post"}}, {"model": "contenttypes.contenttype", "pk": 8, "fields": {"app_label": "posts", "model": "group"}}, {"model": "contenttypes.contenttype", "pk": 9, "fields": {"app_label": "thumbnail", "model": "kvstore"}}, {"model": "contenttypes.contenttype", "pk": 10, "fields": {"app_label": "posts", "model": "comment"}}, {"model": "contenttypes.contenttype", "pk": 11, "fields": {"app_label": "posts", "model": "follow"}}, {"model": "sessions.session", "pk": "2s519e58wmbd2bmeei21ju6uxo9a8roz", "fields": {"session_data": ".eJxVjEEOwiAQRe_C2pCB1gIu3fcMZGYYpWogKe3KeHfbpAvdvvf-f6uI65Lj2mSOU1IXZdXplxHyU8ou0gPLvWquZZkn0nuiD9v0WJO8rkf7d5Cx5W1tbgaEAwGYM7keMUAXgjNEzMaCYBLCwSP7jYFJ3ol4Fzqx0g-WO_X5AutQOB4:1mO3pR:wfYVJv7YVpceqJZ9Up6_OD-V6T7PINdksFZfsu1EqSA", "expire_date": "2021-09-22T20:05:53.341Z"}}, {"model": "sessions.session", "pk": "bwz6msc65pt8cgd6mzqj91s75s90hh0m", "fields": {"session_data": ".eJxVjEsOgzAMBe-SdRXhBELcZfecATmx3dBWIPFZVb17QWLRbmfmvbfpaVtLvy0y9wObqwFz-WWJ8lPGQ_CDxvtk8zSu85DskdjTLrabWF63s_07KLSUfZ24cV6rukHnwasGSgisyhHFV5gCILLsqM4ZIirFAOQhSHbStk7N5wvn4jgX:1mNk4h:b0cgZDZ00qijIT2e6biLWCVtGeHM6gXu_wH2wwJZORk", "expire_date": "2021-09-21T23:00:19.821Z"}}, {"model": "sessions.session", "pk": "c2wnc1ar1glzujk9c39jknv5xfkttdif", "fields": {"session_data": "YzgzYmRiZTYxNDYyZDVkZWQ1NGY4ZmNhZjE2ZjFhOWUzZWMwNWY4ZTp7Il9hdXRoX3VzZXJfaWQiOiI0IiwiX2F1dGhfdXNlcl9iYWNrZW5kIjoiZGphbmdvLmNvbnRyaWIuYXV0aC5iYWNrZW5kcy5Nb2RlbEJhY2tlbmQiLCJfYXV0aF91c2VyX2hhc2giOiI4NjljY2QzOWFlODc1ZGZkMTRhMmNhMzRlOTk1OTIxOTY4ZGRkZmY4In0=", "expire_date": "2021-08-14T19:03:23.549Z"}}, {"model": "sessions.session", "pk": "et4ycebniv74ooqlb5pi0bw4xb3hhwvs", "fields": {"session_data": ".eJxVjEsOgzAMBe-SdRXhBELcZfecATmx3dBWIPFZVb17QWLRbmfmvbfpaVtLvy0y9wObqwFz-WWJ8lPGQ_CDxvtk8zSu85DskdjTLrabWF63s_07KLSUfZ24cV6rukHnwasGSgisyhHFV5gCILLsqM4ZIirFAOQhSHbStk7N5wvn4jgX:1mNjvM:FCJYgOg_AW3edPGJaDRPhoMjXFjf6XcTc6c5ILJ60qA", "expire_date": "2021-09-21T22:50:40.019Z"}}, {"model": "sessions.session", "pk": "il3bjpcihlcgqkpamzechevmdnekw43y", "fields": {"session_data": "MWNiNzBhZGViY2E4NmRiOWZhMjY5OTQxNTliMmRlOThjNWUyYzlkZDp7Il9hdXRoX3VzZXJfaWQiOiIxIiwiX2F1dGhfdXNlcl9iYWNrZW5kIjoiZGphbmdvLmNvbnRyaWIuYXV0aC5iYWNrZW5kcy5Nb2RlbEJhY2tlbmQiLCJfYXV0aF91c2VyX2hhc2giOiI2MzI2MjJlNWEyYzViOGRkYThiMGUxNjg0YzNhMzFhNmFlNTQ3MjA1In0=", "expire_date": "2021-08-01T18:07:18.543Z"}}, {"model": "sessions.session", "pk": "o4ew7ah2gy6sv1cgbp3xtl21okextzdy", "fields": {"session_data": "MWNiNzBhZGViY2E4NmRiOWZhMjY5OTQxNTliMmRlOThjNWUyYzlkZDp7Il9hdXRoX3VzZXJfaWQiOiIxIiwiX2F1dGhfdXNlcl9iYWNrZW5kIjoiZGphbmdvLmNvbnRyaWIuYXV0aC5iYWNrZW5kcy5Nb2RlbEJhY2tlbmQiLCJfYXV0aF91c2VyX2hhc2giOiI2MzI2MjJlNWEyYzViOGRkYThiMGUxNjg0YzNhMzFhNmFlNTQ3MjA1In0=", "expire_date": "2021-08-01T17:53:31.870Z"}}, {"model": "sessions.session", "pk": "p7zeg66d9hho3u5xm5rydau4sr2mjkyy", "fields": {"session_data": "MWNiNzBhZGViY2E4NmRiOWZhMjY5OTQxNTliMmRlOThjNWUyYzlkZDp7Il9hdXRoX3VzZXJfaWQiOiIxIiwiX2F1dGhfdXNlcl9iYWNrZW5kIjoiZGphbmdvLmNvbnRyaWIuYXV0aC5iYWNrZW5kcy5Nb2RlbEJhY2tlbmQiLCJfYXV0aF91c2VyX2hhc2giOiI2MzI2MjJlNWEyYzViOGRkYThiMGUxNjg0YzNhMzFhNmFlNTQ3MjA1In0=", "expire_date": "2021-08-20T23:33:08.191Z"}}, {"model": "sessions.session", "pk": "toiefc8ob8hbrk3fb0tquj6fwgr20wt9", "fields": {"session_data": "MzJjYjk5MWM1MWNjNWVjNThkMWMzYmFjMjg2ZmNkY2I0MjE2YWVlYzp7Il9hdXRoX3VzZXJfaWQiOiIyIiwiX2F1dGhfdXNlcl9iYWNrZW5kIjoiZGphbmdvLmNvbnRyaWIuYXV0aC5iYWNrZW5kcy5Nb2RlbEJhY2tlbmQiLCJfYXV0aF91c2VyX2hhc2giOiI2OTUzYjZlZWNhMTdlNjU3YjRlODAzMTU1ZDAxMjE5Y2YyZmI0ODAxIn0=", "expire_date": "2021-08-01T20:43:29.732Z"}}, {"model": "sessions.session", "pk": "utpd8aq02zt4lbv2i6ynf2vim9h3wigf", "fields": {"session_data": "MzcwMDM2MTkxNDZmYmFmNzJjZDMzMTM4NWM3MmU3NjVmOTJiZWQ0Njp7Il9hdXRoX3VzZXJfaWQiOiIyIiwiX2F1dGhfdXNlcl9iYWNrZW5kIjoiZGphbmdvLmNvbnRyaWIuYXV0aC5iYWNrZW5kcy5Nb2RlbEJhY2tlbmQiLCJfYXV0aF91c2VyX2hhc2giOiIxMmZiZjcwM2Y1MGU0ZGYzNTRlYzhiMGY0YzdhZTg2Yzc1YmMyZmY5In0=", "expire_date": "2021-08-22T13:41:29.511Z"}}, {"model": "sessions.session", "pk": "w2kt0knq2ponnj0tbti4hx6tlfik91ni", "fields": {"session_data": ".eJxVjEsOgzAMBe-SdRXhBELcZfecATmx3dBWIPFZVb17QWLRbmfmvbfpaVtLvy0y9wObqwFz-WWJ8lPGQ_CDxvtk8zSu85DskdjTLrabWF63s_07KLSUfZ24cV6rukHnwasGSgisyhHFV5gCILLsqM4ZIirFAOQhSHbStk7N5wvn4jgX:1n4Wh0:glV4b63vPT-LaFtMwA14V9PCcPh7kZZZN-__y2Jmx1Y", "expire_date": "2022-01-17T23:24:42.065Z"}}, {"model": "thumbnail.kvstore", "pk": "sorl-thumbnail||image||00bb6a5e426d4b9049cd4e23e89e1620", "fields": {"value": "{\"name\": \"cache/0d/07/0d077a627ffb80ddc2e7e70d38bcc474.jpg\", \"storage\": \"django.core.files.storage.FileSystemStorage\", \"size\": [960, 339]}"}}, {"model": "thumbnail.kvstore", "pk": "sorl-thumbnail||image||1aec5a2c9d82b895067308a5f387da93", "fields": {"value": "{\"name\": \"cache/13/57/1357e1cb32448c7c357218f88b772a0a.jpg\", \"storage\": \"django.core.files.storage.FileSystemStorage\", \"size\": [960, 339]}"}}, {"model": "thumbnail.kvstore", "pk": "sorl-thumbnail||image||2ff0c75cf7bc16d3cf96463d9cd38f19", "fields": {"value": "{\"name\": \"posts/Screenshot_2021-09-23_at_15.30.00_r1qCZLJ.png\", \"storage\": \"django.core.files.storage.FileSystemStorage\", \"size\": [1268, 1138]}"}}, {"model": "thumbnail.kvstore", "pk": "sorl-thumbnail||image||30ec112f76477abf877e99a31bb9151a", "fields": {"value": "{\"name\": \"posts/44f9e90d3fcebcf037f7f8dc7592dcfe.jpeg\", \"storage\": \"django.core.files.storage.FileSystemStorage\", \"size\": [695, 204]}"}}, {"model": "thumbnail.kvstore", "pk": "sorl-thumbnail||image||380735c8e62389a3f7c60db2b9abe1f6", "fields": {"value": "{\"name\": \"posts/2b036ffb02941547e994eaea82fbbaa26b-15-google-facebook-twitter.rsocial.w1200_e1uOYVF.jpg\", \"storage\": \"django.core.files.storage.FileSystemStorage\", \"size\": [1200, 630]}"}}, {"model": "thumbnail.kvstore", "pk": "sorl-thumbnail||image||38915101301171f720acc956906caf78", "fields": {"value": "{\"name\": \"posts/2b036ffb02941547e994eaea82fbbaa26b-15-google-facebook-twitter.rsocial.w1200.jpg\", \"storage\": \"django.core.files.storage.FileSystemStorage\", \"size\": [1200, 630]}"}}, {"model": "thumbnail.kvstore", "pk": "sorl-thumbnail||image||3f339b947997a800008ec750cc6affd5", "fields": {"value": "{\"name\": \"posts/Twitter.png\", \"storage\": \"django.core.files.storage.FileSystemStorage\", \"size\": [1139, 926]}"}}, {"model": "thumbnail.kvstore", "pk": "sorl-thumbnail||image||45c26d10322923478359abb598a5b0d4", "fields": {"value": "{\"name\": \"posts/cc0518dbaa591e6a77ae14cf353db613c51fa085954be0067807dc292f6b1c05.jpeg\", \"storage\": \"django.core.files.storage.FileSystemStorage\", \"size\": [1363, 723]}"}}, {"model": "thumbnail.kvstore", "pk": "sorl-thumbnail||image||4ba2afa519c8a1be375b9819cec049ce", "fields": {"value": "{\"name\": \"posts/Google-utochnil-chto-novye-ruchnye-sankcii-po-Novostyam-i-Discover.jpeg\", \"storage\": \"django.core.files.storage.FileSystemStorage\", \"size\": [1920, 1080]}"}}, {"model": "thumbnail.kvstore", "pk": "sorl-thumbnail||image||4f9af7eac42290cdb764c69f3417a5a4", "fields": {"value": "{\"name\": \"cache/fd/e6/fde68c92044b9db5f33ac8c0627522e1.jpg\", \"storage\": \"django.core.files.storage.FileSystemStorage\", \"size\": [960, 339]}"}}, {"model": "thumbnail.kvstore", "pk": "sorl-thumbnail||image||50208a0a7108a66b65e8418809a0f2b4", "fields": {"value": "{\"name\": \"cache/31/4e/314e54f4ecf3772ee0372cf0e47df36c.jpg\", \"storage\": \"django.core.files.storage.FileSystemStorage\", \"size\": [960, 339]}"}}, {"model": "thumbnail.kvstore", "pk": "sorl-thumbnail||image||529d0824e696dff71189d5114eee4c08", "fields": {"value": "{\"name\": \"posts/2021-09-05_06.19.00.jpg\", \"storage\": \"django.core.files.storage.FileSystemStorage\", \"size\": [1280, 853]}"}}, {"model": "thumbnail.kvstore", "pk": "sorl-thumbnail||image||5a1f22340d504cffbbd4b5173b347a6b", "fields": {"value": "{\"name\": \"cache/5e/df/5edf75ab7c279e78d8e3cbdcb56b5a79.jpg\", \"storage\": \"django.core.files.storage.FileSystemStorage\", \"size\": [960, 339]}"}}, {"model": "thumbnail.kvstore", "pk": "sorl-thumbnail||image||5e33c79b3135a183a659b0727d492ab4", "fields": {"value": "{\"name\": \"posts/Screenshot_2021-09-23_at_15.30.00_qRop2RV.png\", \"storage\": \"django.core.files.storage.FileSystemStorage\", \"size\": [1268, 1138]}"}}, {"model": "thumbnail.kvstore", "pk": "sorl-thumbnail||image||6c88146dfc137e3391a7f88bd23f3402", "fields": {"value": "{\"name\": \"cache/61/17/61172819bcf2a6475a763fe2a20db5c8.jpg\", \"storage\": \"django.core.files.storage.FileSystemStorage\", \"size\": [960, 339]}"}}, {"model": "thumbnail.kvstore", "pk": "sorl-thumbnail||image||70b673213aab2fe8b9eb241ff5f2bfdb", "fields": {"value": "{\"name\": \"cache/f7/01/f7011a51d5f5e3f4a947f0d12b2fd1f0.jpg\", \"storage\": \"django.core.files.storage.FileSystemStorage\", \"size\": [960, 339]}"}}, {"model": "thumbnail.kvstore", "pk": "sorl-thumbnail||image||727fb244496c6f359d034833f81fff65", "fields": {"value": "{\"name\": \"cache/00/5c/005c369bc2455e1ee78c7b78511b98d5.jpg\", \"storage\": \"django.core.files.storage.FileSystemStorage\", \"size\": [960, 339]}"}}, {"model": "thumbnail.kvstore", "pk": "sorl-thumbnail||image||7543927f341876f39460bb8673069ee3", "fields": {"value": "{\"name\": \"cache/d5/1f/d51fc8744cdbad578813e20f0de0c76a.jpg\", \"storage\": \"django.core.files.storage.FileSystemStorage\", \"size\": [960, 339]}"}}, {"model": "thumbnail.kvstore", "pk": "sorl-thumbnail||image||88de105e248b88583a5400b150e7f354", "fields": {"value": "{\"name\": \"posts/YouTube-Logo.jpeg\", \"storage\": \"django.core.files.storage.FileSystemStorage\", \"size\": [1920, 1080]}"}}, {"model": "thumbnail.kvstore", "pk": "sorl-thumbnail||image||89f763bf23eb7a884793af042cce29da", "fields": {"value": "{\"name\": \"cache/73/f9/73f930922d4b0759d84e53fa1d46b671.jpg\", \"storage\": \"django.core.files.storage.FileSystemStorage\", \"size\": [960, 339]}"}}, {"model": "thumbnail.kvstore", "pk": "sorl-thumbnail||image||8ee5a2ee925a4de4706197164280dbed", "fields": {"value": "{\"name\": \"posts/Google.png\", \"storage\": \"django.core.files.storage.FileSystemStorage\", \"size\": [1192, 432]}"}}, {"model": "thumbnail.kvstore", "pk": "sorl-thumbnail||image||91a826a1cd6c9a4bb92becde63fe8b6b", "fields": {"value": "{\"name\": \"cache/52/98/5298187211a44e20a11a3dfd187d0312.jpg\", \"storage\": \"django.core.files.storage.FileSystemStorage\", \"size\": [960, 339]}"}}, {"model": "thumbnail.kvstore", "pk": "sorl-thumbnail||image||954ee8574f86013d93712cab589a2315", "fields": {"value": "{\"name\": \"cache/a7/16/a71637362b3eb4f9a65e66304ae117c7.jpg\", \"storage\": \"django.core.files.storage.FileSystemStorage\", \"size\": [960, 339]}"}}, {"model": "thumbnail.kvstore", "pk": "sorl-thumbnail||image||99d9adc3568e78be37101bf5e2ad9854", "fields": {"value": "{\"name\": \"posts/profile.jpg\", \"storage\": \"django.core.files.storage.FileSystemStorage\", \"size\": [3120, 4160]}"}}, {"model": "thumbnail.kvstore", "pk": "sorl-thumbnail||image||a48546358f5ffa1dcc95f34464ffe9d6", "fields": {"value": "{\"name\": \"cache/92/1e/921e88bb3dd9626106e603c312702446.jpg\", \"storage\": \"django.core.files.storage.FileSystemStorage\", \"size\": [960, 339]}"}}, {"model": "thumbnail.kvstore", "pk": "sorl-thumbnail||image||a67af15f67e2db690bbf3a12237150cf", "fields": {"value": "{\"name\": \"cache/30/42/304284344d9b876b8694151c724b6465.jpg\", \"storage\": \"django.core.files.storage.FileSystemStorage\", \"size\": [960, 339]}"}}, {"model": "thumbnail.kvstore", "pk": "sorl-thumbnail||image||acc5ea8c085f75a25cc27a5eafd0378f", "fields": {"value": "{\"name\": \"posts/f4dc48d01d714f64ebb49247b7901f81.jpeg\", \"storage\": \"django.core.files.storage.FileSystemStorage\", \"size\": [630, 354]}"}}, {"model": "thumbnail.kvstore", "pk": "sorl-thumbnail||image||b00c50d9ed30edfcc7df85efd30d2768", "fields": {"value": "{\"name\": \"cache/a8/c0/a8c074edc7f71c4af77d0bfe30d7f37a.jpg\", \"storage\": \"django.core.files.storage.FileSystemStorage\", \"size\": [960, 339]}"}}, {"model": "thumbnail.kvstore", "pk": "sorl-thumbnail||image||b02bbadf2e063cf3e893c60904704a99", "fields": {"value": "{\"name\": \"cache/74/aa/74aa389c2f73d2a6f04187473c1b3563.jpg\", \"storage\": \"django.core.files.storage.FileSystemStorage\", \"size\": [960, 339]}"}}, {"model": "thumbnail.kvstore", "pk": "sorl-thumbnail||image||b2a4fd911a059ca29eb702bc01974649", "fields": {"value": "{\"name\": \"cache/05/4d/054d22bfdbacce9994368549eebc2f50.jpg\", \"storage\": \"django.core.files.storage.FileSystemStorage\", \"size\": [960, 339]}"}}, {"model": "thumbnail.kvstore", "pk": "sorl-thumbnail||image||b906cf2876c22519df8b5fc340328130", "fields": {"value": "{\"name\": \"posts/338.jpeg\", \"storage\": \"django.core.files.storage.FileSystemStorage\", \"size\": [720, 214]}"}}, {"model": "thumbnail.kvstore", "pk": "sorl-thumbnail||image||ba59c730117222ddead355e9bfd4dee4", "fields": {"value": "{\"name\": \"cache/06/80/068033ae75ae8758d01e78beab12da8a.jpg\", \"storage\": \"django.core.files.storage.FileSystemStorage\", \"size\": [960, 339]}"}}, {"model": "thumbnail.kvstore", "pk": "sorl-thumbnail||image||bcfe330a23542930304e68b113a1a142", "fields": {"value": "{\"name\": \"cache/6c/58/6c587f07931253d686d14e4c2164efa9.jpg\", \"storage\": \"django.core.files.storage.FileSystemStorage\", \"size\": [960, 339]}"}}, {"model": "thumbnail.kvstore", "pk": "sorl-thumbnail||image||bf628703543703fe4e75bbb3b8a321ae", "fields": {"value": "{\"name\": \"posts/\\u0421\\u043d\\u0438\\u043c\\u043e\\u043a_\\u044d\\u043a\\u0440\\u0430\\u043d\\u0430_2021-08-22_\\u0432_15.49.34.png\", \"storage\": \"django.core.files.storage.FileSystemStorage\", \"size\": [920, 910]}"}}, {"model": "thumbnail.kvstore", "pk": "sorl-thumbnail||image||c660ba4ed90a06cb588906697cb4086b", "fields": {"value": "{\"name\": \"posts/maxresdefault.jpeg\", \"storage\": \"django.core.files.storage.FileSystemStorage\", \"size\": [1280, 720]}"}}, {"model": "thumbnail.kvstore", "pk": "sorl-thumbnail||image||c7b2192b4b9923e7c660d04d3599f0ab", "fields": {"value": "{\"name\": \"posts/bolee-30-amerikanskih-shtatov-podali-isk-k-google-iz-za-komissii.png\", \"storage\": \"django.core.files.storage.FileSystemStorage\", \"size\": [1200, 630]}"}}, {"model": "thumbnail.kvstore", "pk": "sorl-thumbnail||image||cafeea1c02acff5c11192a1a69f3c5e9", "fields": {"value": "{\"name\": \"posts/Screenshot_2021-09-23_at_15.30.00.png\", \"storage\": \"django.core.files.storage.FileSystemStorage\", \"size\": [1268, 1138]}"}}, {"model": "thumbnail.kvstore", "pk": "sorl-thumbnail||image||d1efe177cc55b49850c4883c4a7e1c1b", "fields": {"value": "{\"name\": \"posts/070621-google-ads-m.webp\", \"storage\": \"django.core.files.storage.FileSystemStorage\", \"size\": [1280, 720]}"}}, {"model": "thumbnail.kvstore", "pk": "sorl-thumbnail||image||d9519da7b74201ee6af3c0ceb2c317eb", "fields": {"value": "{\"name\": \"posts/2021-09-05_06.19.00_euvKben.jpg\", \"storage\": \"django.core.files.storage.FileSystemStorage\", \"size\": [1280, 853]}"}}, {"model": "thumbnail.kvstore", "pk": "sorl-thumbnail||image||e30139b62c8ab8bebb5af5f959631355", "fields": {"value": "{\"name\": \"cache/64/2a/642a1443951df36f99c8c335adb98c42.jpg\", \"storage\": \"django.core.files.storage.FileSystemStorage\", \"size\": [960, 339]}"}}, {"model": "thumbnail.kvstore", "pk": "sorl-thumbnail||image||eafba18b77aa71275b563a289374f6a9", "fields": {"value": "{\"name\": \"cache/54/1a/541a810d584807f141165c76113f41a4.jpg\", \"storage\": \"django.core.files.storage.FileSystemStorage\", \"size\": [960, 339]}"}}, {"model": "thumbnail.kvstore", "pk": "sorl-thumbnail||image||ed9b31a2ccea1c7a431c1be13866ee1f", "fields": {"value": "{\"name\": \"posts/\\u0421\\u043d\\u0438\\u043c\\u043e\\u043a_\\u044d\\u043a\\u0440\\u0430\\u043d\\u0430_2021-08-29_\\u0432_14.01.32.png\", \"storage\": \"django.core.files.storage.FileSystemStorage\", \"size\": [810, 726]}"}}, {"model": "thumbnail.kvstore", "pk": "sorl-thumbnail||image||f1d859ddc753c6714613fef1f773b614", "fields": {"value": "{\"name\": \"cache/9f/78/9f782f1f496766d7edc78ff6c4fad346.jpg\", \"storage\": \"django.core.files.storage.FileSystemStorage\", \"size\": [960, 339]}"}}, {"model": "thumbnail.kvstore", "pk": "sorl-thumbnail||image||f3cc7b852b91a889993530b978575e83", "fields": {"value": "{\"name\": \"posts/0a92357e4f5cdaf5156b5f0604bf051b.png\", \"storage\": \"django.core.files.storage.FileSystemStorage\", \"size\": [1440, 600]}"}}, {"model": "thumbnail.kvstore", "pk": "sorl-thumbnail||image||f52634ac273d31a57cedd32f750810dd", "fields": {"value": "{\"name\": \"cache/b8/02/b802a4bbc73eb7c84376aac44d56eecb.jpg\", \"storage\": \"django.core.files.storage.FileSystemStorage\", \"size\": [960, 339]}"}}, {"model": "thumbnail.kvstore", "pk": "sorl-thumbnail||image||f7348da30c0aa95e397d08872b725a36", "fields": {"value": "{\"name\": \"cache/de/ce/dece0218f3838116f1dcf59457328382.jpg\", \"storage\": \"django.core.files.storage.FileSystemStorage\", \"size\": [960, 339]}"}}, {"model": "thumbnail.kvstore", "pk": "sorl-thumbnail||image||f7fad81e4131c559b62d28d7fbf8f1ca", "fields": {"value": "{\"name\": \"posts/Screenshot_2021-09-23_at_15.30.00_c88ypUR.png\", \"storage\": \"django.core.files.storage.FileSystemStorage\", \"size\": [1268, 1138]}"}}, {"model": "thumbnail.kvstore", "pk": "sorl-thumbnail||image||fb8c3f040af6cf4f98a7b8f0df2a0ecd", "fields": {"value": "{\"name\": \"posts/5ec36d5b-98f6-4c85-a175-97ef92a2d8e4.png\", \"storage\": \"django.core.files.storage.FileSystemStorage\", \"size\": [5402, 1738]}"}}, {"model": "thumbnail.kvstore", "pk": "sorl-thumbnail||thumbnails||2ff0c75cf7bc16d3cf96463d9cd38f19", "fields": {"value": "[\"bcfe330a23542930304e68b113a1a142\"]"}}, {"model": "thumbnail.kvstore", "pk": "sorl-thumbnail||thumbnails||30ec112f76477abf877e99a31bb9151a", "fields": {"value": "[\"4f9af7eac42290cdb764c69f3417a5a4\"]"}}, {"model": "thumbnail.kvstore", "pk": "sorl-thumbnail||thumbnails||380735c8e62389a3f7c60db2b9abe1f6", "fields": {"value": "[\"7543927f341876f39460bb8673069ee3\"]"}}, {"model": "thumbnail.kvstore", "pk": "sorl-thumbnail||thumbnails||38915101301171f720acc956906caf78", "fields": {"value": "[\"91a826a1cd6c9a4bb92becde63fe8b6b\"]"}}, {"model": "thumbnail.kvstore", "pk": "sorl-thumbnail||thumbnails||3f339b947997a800008ec750cc6affd5", "fields": {"value": "[\"727fb244496c6f359d034833f81fff65\"]"}}, {"model": "thumbnail.kvstore", "pk": "sorl-thumbnail||thumbnails||45c26d10322923478359abb598a5b0d4", "fields": {"value": "[\"f52634ac273d31a57cedd32f750810dd\"]"}}, {"model": "thumbnail.kvstore", "pk": "sorl-thumbnail||thumbnails||4ba2afa519c8a1be375b9819cec049ce", "fields": {"value": "[\"eafba18b77aa71275b563a289374f6a9\"]"}}, {"model": "thumbnail.kvstore", "pk": "sorl-thumbnail||thumbnails||529d0824e696dff71189d5114eee4c08", "fields": {"value": "[\"ba59c730117222ddead355e9bfd4dee4\"]"}}, {"model": "thumbnail.kvstore", "pk": "sorl-thumbnail||thumbnails||5e33c79b3135a183a659b0727d492ab4", "fields": {"value": "[\"6c88146dfc137e3391a7f88bd23f3402\"]"}}, {"model": "thumbnail.kvstore", "pk": "sorl-thumbnail||thumbnails||88de105e248b88583a5400b150e7f354", "fields": {"value": "[\"b02bbadf2e063cf3e893c60904704a99\"]"}}, {"model": "thumbnail.kvstore", "pk": "sorl-thumbnail||thumbnails||8ee5a2ee925a4de4706197164280dbed", "fields": {"value": "[\"00bb6a5e426d4b9049cd4e23e89e1620\"]"}}, {"model": "thumbnail.kvstore", "pk": "sorl-thumbnail||thumbnails||99d9adc3568e78be37101bf5e2ad9854", "fields": {"value": "[\"89f763bf23eb7a884793af042cce29da\"]"}}, {"model": "thumbnail.kvstore", "pk": "sorl-thumbnail||thumbnails||acc5ea8c085f75a25cc27a5eafd0378f", "fields": {"value": "[\"f1d859ddc753c6714613fef1f773b614\"]"}}, {"model": "thumbnail.kvstore", "pk": "sorl-thumbnail||thumbnails||b906cf2876c22519df8b5fc340328130", "fields": {"value": "[\"70b673213aab2fe8b9eb241ff5f2bfdb\"]"}}, {"model": "thumbnail.kvstore", "pk": "sorl-thumbnail||thumbnails||bf628703543703fe4e75bbb3b8a321ae", "fields": {"value": "[\"50208a0a7108a66b65e8418809a0f2b4\"]"}}, {"model": "thumbnail.kvstore", "pk": "sorl-thumbnail||thumbnails||c660ba4ed90a06cb588906697cb4086b", "fields": {"value": "[\"b00c50d9ed30edfcc7df85efd30d2768\"]"}}, {"model": "thumbnail.kvstore", "pk": "sorl-thumbnail||thumbnails||c7b2192b4b9923e7c660d04d3599f0ab", "fields": {"value": "[\"a67af15f67e2db690bbf3a12237150cf\"]"}}, {"model": "thumbnail.kvstore", "pk": "sorl-thumbnail||thumbnails||cafeea1c02acff5c11192a1a69f3c5e9", "fields": {"value": "[\"954ee8574f86013d93712cab589a2315\"]"}}, {"model": "thumbnail.kvstore", "pk": "sorl-thumbnail||thumbnails||d1efe177cc55b49850c4883c4a7e1c1b", "fields": {"value": "[\"b2a4fd911a059ca29eb702bc01974649\"]"}}, {"model": "thumbnail.kvstore", "pk": "sorl-thumbnail||thumbnails||d9519da7b74201ee6af3c0ceb2c317eb", "fields": {"value": "[\"e30139b62c8ab8bebb5af5f959631355\"]"}}, {"model": "thumbnail.kvstore", "pk": "sorl-thumbnail||thumbnails||ed9b31a2ccea1c7a431c1be13866ee1f", "fields": {"value": "[\"a48546358f5ffa1dcc95f34464ffe9d6\"]"}}, {"model": "thumbnail.kvstore", "pk": "sorl-thumbnail||thumbnails||f3cc7b852b91a889993530b978575e83", "fields": {"value": "[\"5a1f22340d504cffbbd4b5173b347a6b\"]"}}, {"model": "thumbnail.kvstore", "pk": "sorl-thumbnail||thumbnails||f7fad81e4131c559b62d28d7fbf8f1ca", "fields": {"value": "[\"f7348da30c0aa95e397d08872b725a36\"]"}}, {"model": "thumbnail.kvstore", "pk": "sorl-thumbnail||thumbnails||fb8c3f040af6cf4f98a7b8f0df2a0ecd", "fields": {"value": "[\"1aec5a2c9d82b895067308a5f387da93\"]"}}]