--
-- PostgreSQL database dump
--

-- Dumped from database version 12.9 (Ubuntu 12.9-0ubuntu0.20.04.1)
-- Dumped by pg_dump version 12.9 (Ubuntu 12.9-0ubuntu0.20.04.1)

SET statement_timeout = 0;
SET lock_timeout = 0;
SET idle_in_transaction_session_timeout = 0;
SET client_encoding = 'UTF8';
SET standard_conforming_strings = on;
SELECT pg_catalog.set_config('search_path', '', false);
SET check_function_bodies = false;
SET xmloption = content;
SET client_min_messages = warning;
SET row_security = off;

SET default_tablespace = '';

SET default_table_access_method = heap;

--
-- Name: auth_group; Type: TABLE; Schema: public; Owner: aslan
--

CREATE TABLE public.auth_group (
    id integer NOT NULL,
    name character varying(150) NOT NULL
);


ALTER TABLE public.auth_group OWNER TO aslan;

--
-- Name: auth_group_id_seq; Type: SEQUENCE; Schema: public; Owner: aslan
--

CREATE SEQUENCE public.auth_group_id_seq
    AS integer
    START WITH 1
    INCREMENT BY 1
    NO MINVALUE
    NO MAXVALUE
    CACHE 1;


ALTER TABLE public.auth_group_id_seq OWNER TO aslan;

--
-- Name: auth_group_id_seq; Type: SEQUENCE OWNED BY; Schema: public; Owner: aslan
--

ALTER SEQUENCE public.auth_group_id_seq OWNED BY public.auth_group.id;


--
-- Name: auth_group_permissions; Type: TABLE; Schema: public; Owner: aslan
--

CREATE TABLE public.auth_group_permissions (
    id integer NOT NULL,
    group_id integer NOT NULL,
    permission_id integer NOT NULL
);


ALTER TABLE public.auth_group_permissions OWNER TO aslan;

--
-- Name: auth_group_permissions_id_seq; Type: SEQUENCE; Schema: public; Owner: aslan
--

CREATE SEQUENCE public.auth_group_permissions_id_seq
    AS integer
    START WITH 1
    INCREMENT BY 1
    NO MINVALUE
    NO MAXVALUE
    CACHE 1;


ALTER TABLE public.auth_group_permissions_id_seq OWNER TO aslan;

--
-- Name: auth_group_permissions_id_seq; Type: SEQUENCE OWNED BY; Schema: public; Owner: aslan
--

ALTER SEQUENCE public.auth_group_permissions_id_seq OWNED BY public.auth_group_permissions.id;


--
-- Name: auth_permission; Type: TABLE; Schema: public; Owner: aslan
--

CREATE TABLE public.auth_permission (
    id integer NOT NULL,
    name character varying(255) NOT NULL,
    content_type_id integer NOT NULL,
    codename character varying(100) NOT NULL
);


ALTER TABLE public.auth_permission OWNER TO aslan;

--
-- Name: auth_permission_id_seq; Type: SEQUENCE; Schema: public; Owner: aslan
--

CREATE SEQUENCE public.auth_permission_id_seq
    AS integer
    START WITH 1
    INCREMENT BY 1
    NO MINVALUE
    NO MAXVALUE
    CACHE 1;


ALTER TABLE public.auth_permission_id_seq OWNER TO aslan;

--
-- Name: auth_permission_id_seq; Type: SEQUENCE OWNED BY; Schema: public; Owner: aslan
--

ALTER SEQUENCE public.auth_permission_id_seq OWNED BY public.auth_permission.id;


--
-- Name: auth_user; Type: TABLE; Schema: public; Owner: aslan
--

CREATE TABLE public.auth_user (
    id integer NOT NULL,
    password character varying(128) NOT NULL,
    last_login timestamp with time zone,
    is_superuser boolean NOT NULL,
    username character varying(150) NOT NULL,
    first_name character varying(150) NOT NULL,
    last_name character varying(150) NOT NULL,
    email character varying(254) NOT NULL,
    is_staff boolean NOT NULL,
    is_active boolean NOT NULL,
    date_joined timestamp with time zone NOT NULL
);


ALTER TABLE public.auth_user OWNER TO aslan;

--
-- Name: auth_user_groups; Type: TABLE; Schema: public; Owner: aslan
--

CREATE TABLE public.auth_user_groups (
    id integer NOT NULL,
    user_id integer NOT NULL,
    group_id integer NOT NULL
);


ALTER TABLE public.auth_user_groups OWNER TO aslan;

--
-- Name: auth_user_groups_id_seq; Type: SEQUENCE; Schema: public; Owner: aslan
--

CREATE SEQUENCE public.auth_user_groups_id_seq
    AS integer
    START WITH 1
    INCREMENT BY 1
    NO MINVALUE
    NO MAXVALUE
    CACHE 1;


ALTER TABLE public.auth_user_groups_id_seq OWNER TO aslan;

--
-- Name: auth_user_groups_id_seq; Type: SEQUENCE OWNED BY; Schema: public; Owner: aslan
--

ALTER SEQUENCE public.auth_user_groups_id_seq OWNED BY public.auth_user_groups.id;


--
-- Name: auth_user_id_seq; Type: SEQUENCE; Schema: public; Owner: aslan
--

CREATE SEQUENCE public.auth_user_id_seq
    AS integer
    START WITH 1
    INCREMENT BY 1
    NO MINVALUE
    NO MAXVALUE
    CACHE 1;


ALTER TABLE public.auth_user_id_seq OWNER TO aslan;

--
-- Name: auth_user_id_seq; Type: SEQUENCE OWNED BY; Schema: public; Owner: aslan
--

ALTER SEQUENCE public.auth_user_id_seq OWNED BY public.auth_user.id;


--
-- Name: auth_user_user_permissions; Type: TABLE; Schema: public; Owner: aslan
--

CREATE TABLE public.auth_user_user_permissions (
    id integer NOT NULL,
    user_id integer NOT NULL,
    permission_id integer NOT NULL
);


ALTER TABLE public.auth_user_user_permissions OWNER TO aslan;

--
-- Name: auth_user_user_permissions_id_seq; Type: SEQUENCE; Schema: public; Owner: aslan
--

CREATE SEQUENCE public.auth_user_user_permissions_id_seq
    AS integer
    START WITH 1
    INCREMENT BY 1
    NO MINVALUE
    NO MAXVALUE
    CACHE 1;


ALTER TABLE public.auth_user_user_permissions_id_seq OWNER TO aslan;

--
-- Name: auth_user_user_permissions_id_seq; Type: SEQUENCE OWNED BY; Schema: public; Owner: aslan
--

ALTER SEQUENCE public.auth_user_user_permissions_id_seq OWNED BY public.auth_user_user_permissions.id;


--
-- Name: django_admin_log; Type: TABLE; Schema: public; Owner: aslan
--

CREATE TABLE public.django_admin_log (
    id integer NOT NULL,
    action_time timestamp with time zone NOT NULL,
    object_id text,
    object_repr character varying(200) NOT NULL,
    action_flag smallint NOT NULL,
    change_message text NOT NULL,
    content_type_id integer,
    user_id integer NOT NULL,
    CONSTRAINT django_admin_log_action_flag_check CHECK ((action_flag >= 0))
);


ALTER TABLE public.django_admin_log OWNER TO aslan;

--
-- Name: django_admin_log_id_seq; Type: SEQUENCE; Schema: public; Owner: aslan
--

CREATE SEQUENCE public.django_admin_log_id_seq
    AS integer
    START WITH 1
    INCREMENT BY 1
    NO MINVALUE
    NO MAXVALUE
    CACHE 1;


ALTER TABLE public.django_admin_log_id_seq OWNER TO aslan;

--
-- Name: django_admin_log_id_seq; Type: SEQUENCE OWNED BY; Schema: public; Owner: aslan
--

ALTER SEQUENCE public.django_admin_log_id_seq OWNED BY public.django_admin_log.id;


--
-- Name: django_content_type; Type: TABLE; Schema: public; Owner: aslan
--

CREATE TABLE public.django_content_type (
    id integer NOT NULL,
    app_label character varying(100) NOT NULL,
    model character varying(100) NOT NULL
);


ALTER TABLE public.django_content_type OWNER TO aslan;

--
-- Name: django_content_type_id_seq; Type: SEQUENCE; Schema: public; Owner: aslan
--

CREATE SEQUENCE public.django_content_type_id_seq
    AS integer
    START WITH 1
    INCREMENT BY 1
    NO MINVALUE
    NO MAXVALUE
    CACHE 1;


ALTER TABLE public.django_content_type_id_seq OWNER TO aslan;

--
-- Name: django_content_type_id_seq; Type: SEQUENCE OWNED BY; Schema: public; Owner: aslan
--

ALTER SEQUENCE public.django_content_type_id_seq OWNED BY public.django_content_type.id;


--
-- Name: django_migrations; Type: TABLE; Schema: public; Owner: aslan
--

CREATE TABLE public.django_migrations (
    id integer NOT NULL,
    app character varying(255) NOT NULL,
    name character varying(255) NOT NULL,
    applied timestamp with time zone NOT NULL
);


ALTER TABLE public.django_migrations OWNER TO aslan;

--
-- Name: django_migrations_id_seq; Type: SEQUENCE; Schema: public; Owner: aslan
--

CREATE SEQUENCE public.django_migrations_id_seq
    AS integer
    START WITH 1
    INCREMENT BY 1
    NO MINVALUE
    NO MAXVALUE
    CACHE 1;


ALTER TABLE public.django_migrations_id_seq OWNER TO aslan;

--
-- Name: django_migrations_id_seq; Type: SEQUENCE OWNED BY; Schema: public; Owner: aslan
--

ALTER SEQUENCE public.django_migrations_id_seq OWNED BY public.django_migrations.id;


--
-- Name: django_session; Type: TABLE; Schema: public; Owner: aslan
--

CREATE TABLE public.django_session (
    session_key character varying(40) NOT NULL,
    session_data text NOT NULL,
    expire_date timestamp with time zone NOT NULL
);


ALTER TABLE public.django_session OWNER TO aslan;

--
-- Name: posts_comment; Type: TABLE; Schema: public; Owner: aslan
--

CREATE TABLE public.posts_comment (
    id integer NOT NULL,
    text text NOT NULL,
    created timestamp with time zone NOT NULL,
    post_id integer NOT NULL,
    author_id integer NOT NULL
);


ALTER TABLE public.posts_comment OWNER TO aslan;

--
-- Name: posts_comment_id_seq; Type: SEQUENCE; Schema: public; Owner: aslan
--

CREATE SEQUENCE public.posts_comment_id_seq
    AS integer
    START WITH 1
    INCREMENT BY 1
    NO MINVALUE
    NO MAXVALUE
    CACHE 1;


ALTER TABLE public.posts_comment_id_seq OWNER TO aslan;

--
-- Name: posts_comment_id_seq; Type: SEQUENCE OWNED BY; Schema: public; Owner: aslan
--

ALTER SEQUENCE public.posts_comment_id_seq OWNED BY public.posts_comment.id;


--
-- Name: posts_follow; Type: TABLE; Schema: public; Owner: aslan
--

CREATE TABLE public.posts_follow (
    id integer NOT NULL,
    author_id integer NOT NULL,
    user_id integer NOT NULL
);


ALTER TABLE public.posts_follow OWNER TO aslan;

--
-- Name: posts_follow_id_seq; Type: SEQUENCE; Schema: public; Owner: aslan
--

CREATE SEQUENCE public.posts_follow_id_seq
    AS integer
    START WITH 1
    INCREMENT BY 1
    NO MINVALUE
    NO MAXVALUE
    CACHE 1;


ALTER TABLE public.posts_follow_id_seq OWNER TO aslan;

--
-- Name: posts_follow_id_seq; Type: SEQUENCE OWNED BY; Schema: public; Owner: aslan
--

ALTER SEQUENCE public.posts_follow_id_seq OWNED BY public.posts_follow.id;


--
-- Name: posts_group; Type: TABLE; Schema: public; Owner: aslan
--

CREATE TABLE public.posts_group (
    id integer NOT NULL,
    title character varying(200) NOT NULL,
    slug character varying(50) NOT NULL,
    description text NOT NULL
);


ALTER TABLE public.posts_group OWNER TO aslan;

--
-- Name: posts_group_id_seq; Type: SEQUENCE; Schema: public; Owner: aslan
--

CREATE SEQUENCE public.posts_group_id_seq
    AS integer
    START WITH 1
    INCREMENT BY 1
    NO MINVALUE
    NO MAXVALUE
    CACHE 1;


ALTER TABLE public.posts_group_id_seq OWNER TO aslan;

--
-- Name: posts_group_id_seq; Type: SEQUENCE OWNED BY; Schema: public; Owner: aslan
--

ALTER SEQUENCE public.posts_group_id_seq OWNED BY public.posts_group.id;


--
-- Name: posts_post; Type: TABLE; Schema: public; Owner: aslan
--

CREATE TABLE public.posts_post (
    id integer NOT NULL,
    text text NOT NULL,
    author_id integer NOT NULL,
    group_id integer,
    image character varying(100) NOT NULL,
    pub_date timestamp with time zone NOT NULL
);


ALTER TABLE public.posts_post OWNER TO aslan;

--
-- Name: posts_post_id_seq; Type: SEQUENCE; Schema: public; Owner: aslan
--

CREATE SEQUENCE public.posts_post_id_seq
    AS integer
    START WITH 1
    INCREMENT BY 1
    NO MINVALUE
    NO MAXVALUE
    CACHE 1;


ALTER TABLE public.posts_post_id_seq OWNER TO aslan;

--
-- Name: posts_post_id_seq; Type: SEQUENCE OWNED BY; Schema: public; Owner: aslan
--

ALTER SEQUENCE public.posts_post_id_seq OWNED BY public.posts_post.id;


--
-- Name: thumbnail_kvstore; Type: TABLE; Schema: public; Owner: aslan
--

CREATE TABLE public.thumbnail_kvstore (
    key character varying(200) NOT NULL,
    value text NOT NULL
);


ALTER TABLE public.thumbnail_kvstore OWNER TO aslan;

--
-- Name: auth_group id; Type: DEFAULT; Schema: public; Owner: aslan
--

ALTER TABLE ONLY public.auth_group ALTER COLUMN id SET DEFAULT nextval('public.auth_group_id_seq'::regclass);


--
-- Name: auth_group_permissions id; Type: DEFAULT; Schema: public; Owner: aslan
--

ALTER TABLE ONLY public.auth_group_permissions ALTER COLUMN id SET DEFAULT nextval('public.auth_group_permissions_id_seq'::regclass);


--
-- Name: auth_permission id; Type: DEFAULT; Schema: public; Owner: aslan
--

ALTER TABLE ONLY public.auth_permission ALTER COLUMN id SET DEFAULT nextval('public.auth_permission_id_seq'::regclass);


--
-- Name: auth_user id; Type: DEFAULT; Schema: public; Owner: aslan
--

ALTER TABLE ONLY public.auth_user ALTER COLUMN id SET DEFAULT nextval('public.auth_user_id_seq'::regclass);


--
-- Name: auth_user_groups id; Type: DEFAULT; Schema: public; Owner: aslan
--

ALTER TABLE ONLY public.auth_user_groups ALTER COLUMN id SET DEFAULT nextval('public.auth_user_groups_id_seq'::regclass);


--
-- Name: auth_user_user_permissions id; Type: DEFAULT; Schema: public; Owner: aslan
--

ALTER TABLE ONLY public.auth_user_user_permissions ALTER COLUMN id SET DEFAULT nextval('public.auth_user_user_permissions_id_seq'::regclass);


--
-- Name: django_admin_log id; Type: DEFAULT; Schema: public; Owner: aslan
--

ALTER TABLE ONLY public.django_admin_log ALTER COLUMN id SET DEFAULT nextval('public.django_admin_log_id_seq'::regclass);


--
-- Name: django_content_type id; Type: DEFAULT; Schema: public; Owner: aslan
--

ALTER TABLE ONLY public.django_content_type ALTER COLUMN id SET DEFAULT nextval('public.django_content_type_id_seq'::regclass);


--
-- Name: django_migrations id; Type: DEFAULT; Schema: public; Owner: aslan
--

ALTER TABLE ONLY public.django_migrations ALTER COLUMN id SET DEFAULT nextval('public.django_migrations_id_seq'::regclass);


--
-- Name: posts_comment id; Type: DEFAULT; Schema: public; Owner: aslan
--

ALTER TABLE ONLY public.posts_comment ALTER COLUMN id SET DEFAULT nextval('public.posts_comment_id_seq'::regclass);


--
-- Name: posts_follow id; Type: DEFAULT; Schema: public; Owner: aslan
--

ALTER TABLE ONLY public.posts_follow ALTER COLUMN id SET DEFAULT nextval('public.posts_follow_id_seq'::regclass);


--
-- Name: posts_group id; Type: DEFAULT; Schema: public; Owner: aslan
--

ALTER TABLE ONLY public.posts_group ALTER COLUMN id SET DEFAULT nextval('public.posts_group_id_seq'::regclass);


--
-- Name: posts_post id; Type: DEFAULT; Schema: public; Owner: aslan
--

ALTER TABLE ONLY public.posts_post ALTER COLUMN id SET DEFAULT nextval('public.posts_post_id_seq'::regclass);


--
-- Data for Name: auth_group; Type: TABLE DATA; Schema: public; Owner: aslan
--

COPY public.auth_group (id, name) FROM stdin;
\.


--
-- Data for Name: auth_group_permissions; Type: TABLE DATA; Schema: public; Owner: aslan
--

COPY public.auth_group_permissions (id, group_id, permission_id) FROM stdin;
\.


--
-- Data for Name: auth_permission; Type: TABLE DATA; Schema: public; Owner: aslan
--

COPY public.auth_permission (id, name, content_type_id, codename) FROM stdin;
1	Can add log entry	1	add_logentry
2	Can change log entry	1	change_logentry
3	Can delete log entry	1	delete_logentry
4	Can view log entry	1	view_logentry
5	Can add permission	2	add_permission
6	Can change permission	2	change_permission
7	Can delete permission	2	delete_permission
8	Can view permission	2	view_permission
9	Can add group	3	add_group
10	Can change group	3	change_group
11	Can delete group	3	delete_group
12	Can view group	3	view_group
13	Can add user	4	add_user
14	Can change user	4	change_user
15	Can delete user	4	delete_user
16	Can view user	4	view_user
17	Can add content type	5	add_contenttype
18	Can change content type	5	change_contenttype
19	Can delete content type	5	delete_contenttype
20	Can view content type	5	view_contenttype
21	Can add session	6	add_session
22	Can change session	6	change_session
23	Can delete session	6	delete_session
24	Can view session	6	view_session
25	Can add post	7	add_post
26	Can change post	7	change_post
27	Can delete post	7	delete_post
28	Can view post	7	view_post
29	Can add group	8	add_group
30	Can change group	8	change_group
31	Can delete group	8	delete_group
32	Can view group	8	view_group
33	Can add kv store	9	add_kvstore
34	Can change kv store	9	change_kvstore
35	Can delete kv store	9	delete_kvstore
36	Can view kv store	9	view_kvstore
37	Can add comment	10	add_comment
38	Can change comment	10	change_comment
39	Can delete comment	10	delete_comment
40	Can view comment	10	view_comment
41	Can add follow	11	add_follow
42	Can change follow	11	change_follow
43	Can delete follow	11	delete_follow
44	Can view follow	11	view_follow
\.


--
-- Data for Name: auth_user; Type: TABLE DATA; Schema: public; Owner: aslan
--

COPY public.auth_user (id, password, last_login, is_superuser, username, first_name, last_name, email, is_staff, is_active, date_joined) FROM stdin;
2	pbkdf2_sha256$216000$40TtDs7iG7qn$8nhyJnBzxGIuLQDsFCPJ++6Z6Wbgcdoxh2stbr04ips=	2021-09-08 20:05:53.339+00	t	aslan	Aslan	Gurbanov		t	t	2021-07-18 20:43:19+00
3	pbkdf2_sha256$150000$P0jAyc65SbET$zRg94oGkzjmINANoq+Xxc3rEEVi/2PE3gcwkYLCvcWw=	2021-07-31 17:49:49.823+00	f	aslan_st	Aslan	Gurbanov		f	t	2021-07-31 16:47:18.407+00
4	pbkdf2_sha256$150000$k1tEqkYEnHRE$oaHkoAYVbKg0LpNpgPkn15L/6X/PASFCpmPE2R3Pd4s=	2021-07-31 19:05:34.417+00	f	andrey	Andrey	Gurbanov	HeyAslan@yandex.ru	f	t	2021-07-31 18:37:30.026+00
5	pbkdf2_sha256$150000$JXSpT1sod6Fd$1Kev7WEtf1nU2S4kyF39Tpect8STiwekEAxCBoBglDo=	\N	f	test	test	test	test@mail.ru	f	t	2021-08-01 09:00:51.965+00
6	pbkdf2_sha256$150000$qPwC2cU4QjSK$Ulbt25YK8GTEIfbpXj5r9qQ3rM8d/wdQJD8j4Af3tfc=	2021-08-06 22:40:52.427+00	f	gur	Anrey	Gurrr	30101997@mail.ru	f	t	2021-08-06 00:21:13.406+00
7	!M2Um65oZpstqkcisKcIytXnl4d7MxU8PRNtNmPvj	\N	f	tester				f	t	2021-08-17 21:17:57.156+00
8	pbkdf2_sha256$150000$Y5Ifqb5oU17x$0djc1EG041/W0taIfOSRVzTJep2I6hJmaFPmXeijkR8=	\N	f	fffdf				f	t	2021-08-21 12:46:03.641+00
9	pbkdf2_sha256$150000$vScr1Sc2gHxa$dZnjyXhKqB6VMsIXhzNZ0p5JpNLFtcwZeEEByji1c1A=	2021-08-21 12:49:09.184+00	f	1				f	t	2021-08-21 12:49:03.264+00
10	pbkdf2_sha256$150000$2bRYKSzXCbvC$fZJN9LNZCNZrwAwbBCTl6tg+uZWMqsnfDgxGw/efjno=	2021-08-29 01:14:02.802+00	f	kolya	Kolya_Tovaroved	Товаровед		f	t	2021-08-28 17:05:37.494+00
11	pbkdf2_sha256$150000$pZVsOkCdYDnc$8Q1NkAcUa5odfk9G08B0lqWGx2oU676Iigft/3HUNzc=	\N	f	frodo	frodo	frodovich	frodo@mail.ru	f	t	2021-08-29 14:25:17.916+00
1	pbkdf2_sha256$216000$IUWAFKg9xQ48$WfJOzHnIjCLkOvpT+w8dw2fxQSCLtPMBJRSEEpvcZRc=	2022-01-07 17:11:38.915837+00	t	admin	Admin	Adminskiy	HeyAslan@yandex.ru	t	t	2021-07-18 17:52:14+00
\.


--
-- Data for Name: auth_user_groups; Type: TABLE DATA; Schema: public; Owner: aslan
--

COPY public.auth_user_groups (id, user_id, group_id) FROM stdin;
\.


--
-- Data for Name: auth_user_user_permissions; Type: TABLE DATA; Schema: public; Owner: aslan
--

COPY public.auth_user_user_permissions (id, user_id, permission_id) FROM stdin;
\.


--
-- Data for Name: django_admin_log; Type: TABLE DATA; Schema: public; Owner: aslan
--

COPY public.django_admin_log (id, action_time, object_id, object_repr, action_flag, change_message, content_type_id, user_id) FROM stdin;
1	2021-07-18 18:00:58.097+00	1	Post object (1)	1	[{"added": {}}]	7	1
2	2021-07-18 18:04:52.713+00	1	Post object (1)	2	[]	7	1
3	2021-07-18 18:05:07.486+00	1	Post object (1)	2	[]	7	1
4	2021-07-18 20:44:16.001+00	1	Group object (1)	1	[{"added": {}}]	8	2
5	2021-07-18 20:44:30.576+00	2	Group object (2)	1	[{"added": {}}]	8	2
6	2021-07-18 20:44:41.435+00	3	Group object (3)	1	[{"added": {}}]	8	2
7	2021-07-18 20:45:05.588+00	1	Post object (1)	3		7	2
8	2021-07-18 20:48:54.005+00	2	Post object (2)	1	[{"added": {}}]	7	2
9	2021-07-18 20:49:08.295+00	3	Post object (3)	1	[{"added": {}}]	7	2
10	2021-07-18 20:49:25.644+00	4	Post object (4)	1	[{"added": {}}]	7	2
11	2021-07-18 20:49:37.766+00	5	Post object (5)	1	[{"added": {}}]	7	2
12	2021-07-18 20:49:50.311+00	6	Post object (6)	1	[{"added": {}}]	7	2
13	2021-07-18 20:50:29.953+00	7	Post object (7)	1	[{"added": {}}]	7	2
14	2021-07-18 20:52:05.719+00	8	Post object (8)	1	[{"added": {}}]	7	2
15	2021-07-18 20:52:44.134+00	9	Post object (9)	1	[{"added": {}}]	7	2
16	2021-07-18 20:54:31.091+00	10	Post object (10)	1	[{"added": {}}]	7	2
17	2021-07-18 20:55:15.877+00	11	Post object (11)	1	[{"added": {}}]	7	2
18	2021-07-18 20:55:50.112+00	12	Post object (12)	1	[{"added": {}}]	7	2
19	2021-07-18 20:56:07.403+00	13	Post object (13)	1	[{"added": {}}]	7	2
20	2021-07-18 21:08:40.712+00	2	aslan	2	[{"changed": {"fields": ["first_name", "last_name"]}}]	4	2
21	2021-07-18 21:08:50.593+00	1	admin	2	[{"changed": {"fields": ["first_name", "last_name"]}}]	4	2
22	2021-07-19 00:00:49.246+00	3	Group object (3)	2	[]	8	1
23	2021-08-03 22:15:58.961+00	14	Этот пост самый лучший	1	[{"added": {}}]	7	2
24	2021-08-03 22:23:55.662+00	2	Yandex	2	[]	8	2
25	2021-08-07 00:31:15.987+00	37	fasdfadfadfa	3		7	1
26	2021-08-07 00:31:15.989+00	36	fsdfsdfasd1e23233223	3		7	1
27	2021-08-07 00:31:15.991+00	35	fsdfewfwef23r23r23r32vsv24f34fdadedqweqweqweqweqwe113312312edasdafaspp-21-12-1-=2=-§2=-12-e1-e12e-012-e120ei23prj34ior43oif\r\n\r\n\r\nALSAN\r\nFCKFY	3		7	1
28	2021-08-07 00:31:15.992+00	34	fsdfewfwef23r23r23r32vsv24f34fdadedqweqweqweqweqwe113312312edasdafaspp-21-12-1-=2=-§2=-12-e1-e12e-012-e120ei23prj34ior43oif\r\n\r\n\r\n\r\nFCKFY	3		7	1
29	2021-08-07 00:31:15.993+00	33	fsdfewfwef23r23r23r32vsv24f34fdadedqweqweqweqweqwe113312312edasdafaspp-21-12-1-=2=-§2=-12-e1-e12e-012-e120ei23prj34ior43oif	3		7	1
30	2021-08-07 00:31:15.994+00	32	fsdfewfwef23r23r23r32vsv24f34fdadedqweqweqweqweqwe113312312edasdafas	3		7	1
31	2021-08-07 00:31:15.995+00	31	fsdfewfwef23r23r23r32vsv24f34fdadedqweqweqweqweqwe	3		7	1
32	2021-08-07 00:31:15.997+00	28	ASLAN	3		7	1
33	2021-08-07 00:31:15.998+00	27	fsdfsdffsdf23r232	3		7	1
34	2021-08-07 00:31:15.999+00	26	fsdfsdf	3		7	1
35	2021-08-07 00:31:16.001+00	25	fgd	3		7	1
36	2021-08-07 00:31:16.002+00	24	vvdd	3		7	1
37	2021-08-07 00:31:16.003+00	23	fwfewe	3		7	1
38	2021-08-07 00:31:16.004+00	22	fsdf	3		7	1
39	2021-08-07 00:31:16.005+00	21	fsdfew	3		7	1
40	2021-08-07 00:31:16.006+00	20	fsdfew	3		7	1
41	2021-08-07 00:31:16.007+00	19	fsdfew	3		7	1
42	2021-08-07 00:31:16.008+00	18	dasdasd	3		7	1
43	2021-08-07 00:31:16.009+00	17	dasdasd	3		7	1
44	2021-08-07 00:31:16.01+00	16	dasdasd	3		7	1
45	2021-08-07 00:31:16.011+00	15	dasdasd	3		7	1
46	2021-08-07 01:50:38.061+00	4	Google2	1	[{"added": {}}]	8	1
47	2021-08-07 01:50:44.412+00	5	google3	1	[{"added": {}}]	8	1
48	2021-08-07 01:50:50.109+00	6	google4	1	[{"added": {}}]	8	1
49	2021-08-07 01:50:57.157+00	7	google5	1	[{"added": {}}]	8	1
50	2021-08-07 01:51:02.787+00	8	yandex2	1	[{"added": {}}]	8	1
51	2021-08-07 01:51:08.139+00	9	mail2	1	[{"added": {}}]	8	1
52	2021-08-07 01:51:12.588+00	10	andre	1	[{"added": {}}]	8	1
53	2021-08-07 02:19:23.655+00	38	123123	1	[{"added": {}}]	7	1
54	2021-08-07 02:19:28.904+00	39	adfsafsa	1	[{"added": {}}]	7	1
55	2021-08-07 02:19:35.926+00	40	adf32232	1	[{"added": {}}]	7	1
56	2021-08-07 02:19:41.737+00	41	sdfsfe433	1	[{"added": {}}]	7	1
57	2021-08-07 02:20:12.602+00	42	asdqdas	1	[{"added": {}}]	7	1
58	2021-08-07 02:20:17.869+00	43	e23d23d23	1	[{"added": {}}]	7	1
59	2021-08-07 02:20:22.491+00	44	asdasdsa	1	[{"added": {}}]	7	1
60	2021-08-07 03:09:16.955+00	45	aslan	1	[{"added": {}}]	7	1
61	2021-08-07 03:09:22.934+00	46	fsdfsdf	1	[{"added": {}}]	7	1
62	2021-08-15 22:47:12.378+00	11	aslan	1	[{"added": {}}]	8	1
63	2021-08-15 22:47:38.024+00	12	andrey	1	[{"added": {}}]	8	1
64	2021-08-15 22:48:06.15+00	12	andrey	2	[]	8	1
65	2021-08-15 22:49:29.941+00	13	andrey	1	[{"added": {}}]	8	1
66	2021-08-28 16:54:31.664+00	14	Товароведы	1	[{"added": {}}]	8	1
67	2021-08-28 23:46:23.126+00	1	Comment object (1)	1	[{"added": {}}]	10	1
68	2021-08-28 23:46:42.787+00	2	Comment object (2)	1	[{"added": {}}]	10	1
69	2021-08-29 01:11:18.466+00	9	fg	3		10	1
70	2021-08-29 01:11:18.47+00	8	gc	3		10	1
71	2021-08-29 01:11:18.473+00	7	aslan	3		10	1
72	2021-08-29 01:11:18.474+00	6	gfsdfsd	3		10	1
73	2021-08-29 01:11:18.476+00	5	dosas	3		10	1
74	2021-08-29 01:11:18.477+00	4	sdada	3		10	1
75	2021-08-29 01:11:18.479+00	3	fads	3		10	1
76	2021-08-29 01:11:18.48+00	2	12erafasf	3		10	1
77	2021-08-29 01:11:18.482+00	1	aslanfsdfsdfsdf	3		10	1
78	2021-09-02 19:55:29.794+00	28	Follower: admin, Followingaslan	3		11	1
79	2021-09-02 19:55:29.795+00	27	Follower: admin, Followingaslan	3		11	1
80	2021-09-02 19:55:29.795+00	26	Follower: admin, Followingaslan	3		11	1
81	2021-09-02 19:55:29.796+00	25	Follower: admin, Followingaslan	3		11	1
82	2021-09-02 19:55:29.796+00	24	Follower: admin, Followingaslan	3		11	1
83	2021-09-02 19:55:29.797+00	23	Follower: admin, Followingaslan	3		11	1
84	2021-09-02 19:55:29.798+00	22	Follower: admin, Followingaslan	3		11	1
85	2021-09-02 19:55:29.798+00	21	Follower: admin, Followingaslan	3		11	1
86	2021-09-02 19:55:29.799+00	20	Follower: admin, Followingaslan	3		11	1
87	2021-09-02 19:55:29.799+00	19	Follower: admin, Followingaslan	3		11	1
88	2021-09-02 19:55:29.8+00	18	Follower: admin, Followingaslan	3		11	1
89	2021-09-02 19:55:29.8+00	17	Follower: admin, Followingaslan	3		11	1
90	2021-09-02 19:55:29.801+00	16	Follower: admin, Followingaslan	3		11	1
91	2021-09-02 19:55:29.801+00	15	Follower: admin, Followingaslan	3		11	1
92	2021-09-02 19:55:29.802+00	14	Follower: admin, Followingaslan	3		11	1
93	2021-09-02 19:55:29.802+00	13	Follower: admin, Followingaslan	3		11	1
94	2021-09-02 19:55:29.802+00	12	Follower: admin, Followingadmin	3		11	1
95	2021-09-02 19:55:29.803+00	11	Follower: admin, Followingadmin	3		11	1
96	2021-09-02 19:55:29.803+00	10	Follower: admin, Followingadmin	3		11	1
97	2021-09-02 19:55:29.804+00	9	Follower: admin, Followingadmin	3		11	1
98	2021-09-02 19:55:29.804+00	8	Follower: admin, Followingadmin	3		11	1
99	2021-09-02 19:55:29.804+00	7	Follower: admin, Followingadmin	3		11	1
100	2021-09-02 19:55:29.805+00	6	Follower: admin, Followingadmin	3		11	1
101	2021-09-02 19:55:29.805+00	5	Follower: admin, Followingadmin	3		11	1
102	2021-09-02 19:55:29.805+00	4	Follower: admin, Followingadmin	3		11	1
103	2021-09-02 19:55:29.806+00	3	Follower: admin, Followingadmin	3		11	1
104	2021-09-02 19:55:29.806+00	2	Follower: admin, Followingadmin	3		11	1
105	2021-09-02 19:55:29.807+00	1	Follower: admin, Followingadmin	3		11	1
106	2021-09-02 22:52:19.041+00	76	Follower: admin, Following: andrey	3		11	1
107	2021-09-02 22:52:19.043+00	75	Follower: admin, Following: andrey	3		11	1
108	2021-09-02 22:52:19.044+00	74	Follower: admin, Following: admin	3		11	1
109	2021-09-02 22:52:19.045+00	73	Follower: admin, Following: admin	3		11	1
110	2021-09-02 22:52:19.047+00	72	Follower: admin, Following: andrey	3		11	1
111	2021-09-02 22:52:19.048+00	71	Follower: admin, Following: andrey	3		11	1
112	2021-09-02 22:52:19.049+00	70	Follower: admin, Following: andrey	3		11	1
113	2021-09-02 22:52:19.05+00	69	Follower: admin, Following: andrey	3		11	1
114	2021-09-02 22:52:19.051+00	68	Follower: admin, Following: admin	3		11	1
115	2021-09-02 22:52:19.051+00	66	Follower: admin, Following: aslan	3		11	1
116	2021-09-02 22:52:19.052+00	65	Follower: admin, Following: aslan	3		11	1
117	2021-09-02 22:52:19.053+00	64	Follower: admin, Following: aslan	3		11	1
118	2021-09-02 22:52:19.054+00	63	Follower: admin, Following: aslan	3		11	1
119	2021-09-02 22:52:19.055+00	62	Follower: admin, Following: aslan	3		11	1
120	2021-09-02 22:52:19.055+00	61	Follower: admin, Following: aslan	3		11	1
121	2021-09-02 22:52:19.056+00	60	Follower: admin, Following: aslan	3		11	1
122	2021-09-02 22:52:19.057+00	59	Follower: admin, Following: aslan	3		11	1
123	2021-09-02 22:52:19.058+00	58	Follower: admin, Following: aslan	3		11	1
124	2021-09-02 22:52:19.059+00	57	Follower: admin, Following: aslan	3		11	1
125	2021-09-02 22:52:19.059+00	56	Follower: admin, Following: aslan	3		11	1
126	2021-09-02 22:52:19.06+00	55	Follower: admin, Following: aslan	3		11	1
127	2021-09-02 22:52:19.061+00	54	Follower: admin, Following: aslan	3		11	1
128	2021-09-02 22:52:19.062+00	53	Follower: admin, Following: aslan	3		11	1
129	2021-09-02 22:52:19.062+00	52	Follower: admin, Following: aslan	3		11	1
130	2021-09-02 22:52:19.063+00	51	Follower: admin, Following: aslan	3		11	1
131	2021-09-02 22:52:19.064+00	50	Follower: admin, Following: aslan	3		11	1
132	2021-09-02 22:52:19.064+00	49	Follower: admin, Following: aslan	3		11	1
133	2021-09-02 22:52:19.065+00	48	Follower: admin, Following: aslan	3		11	1
134	2021-09-02 22:52:19.066+00	47	Follower: admin, Following: aslan	3		11	1
135	2021-09-02 22:52:19.067+00	46	Follower: admin, Following: aslan	3		11	1
136	2021-09-02 22:52:19.067+00	45	Follower: admin, Following: aslan	3		11	1
137	2021-09-02 22:52:19.068+00	44	Follower: admin, Following: aslan	3		11	1
138	2021-09-02 22:52:19.069+00	43	Follower: admin, Following: aslan	3		11	1
139	2021-09-02 22:52:19.069+00	42	Follower: admin, Following: aslan	3		11	1
140	2021-09-02 22:52:19.07+00	41	Follower: admin, Following: aslan	3		11	1
141	2021-09-02 22:52:19.07+00	40	Follower: admin, Following: aslan	3		11	1
142	2021-09-02 22:52:19.071+00	39	Follower: admin, Following: aslan	3		11	1
143	2021-09-02 22:52:19.072+00	38	Follower: admin, Following: aslan	3		11	1
144	2021-09-02 22:52:19.072+00	37	Follower: admin, Following: aslan	3		11	1
145	2021-09-02 22:52:19.073+00	36	Follower: admin, Following: aslan	3		11	1
146	2021-09-02 22:52:19.073+00	35	Follower: admin, Following: aslan	3		11	1
147	2021-09-02 22:52:19.074+00	34	Follower: admin, Following: aslan	3		11	1
148	2021-09-02 22:52:19.074+00	33	Follower: admin, Following: aslan	3		11	1
149	2021-09-02 22:52:19.075+00	32	Follower: admin, Following: aslan	3		11	1
150	2021-09-02 22:52:19.076+00	31	Follower: admin, Following: aslan	3		11	1
151	2021-09-02 22:52:19.076+00	30	Follower: admin, Following: aslan	3		11	1
152	2021-09-02 22:52:19.077+00	29	Follower: admin, Following: aslan	3		11	1
153	2021-09-03 00:12:08.55+00	77	Follower: admin, Following: admin	3		11	2
154	2021-09-03 22:07:11.533+00	148	Follower: aslan, Following: aslan_st	3		11	2
155	2021-09-03 22:07:11.535+00	147	Follower: aslan, Following: aslan_st	3		11	2
156	2021-09-03 22:07:11.536+00	146	Follower: aslan, Following: aslan_st	3		11	2
157	2021-09-03 22:07:11.537+00	145	Follower: aslan, Following: aslan_st	3		11	2
158	2021-09-03 22:07:11.538+00	144	Follower: aslan, Following: aslan_st	3		11	2
159	2021-09-03 22:07:11.54+00	143	Follower: aslan, Following: aslan_st	3		11	2
160	2021-09-03 22:07:11.541+00	142	Follower: aslan, Following: aslan_st	3		11	2
161	2021-09-03 22:07:11.543+00	141	Follower: aslan, Following: andrey	3		11	2
162	2021-09-03 22:07:11.544+00	140	Follower: aslan, Following: andrey	3		11	2
163	2021-09-03 22:07:11.544+00	139	Follower: aslan, Following: andrey	3		11	2
164	2021-09-03 22:07:11.545+00	138	Follower: aslan, Following: admin	3		11	2
165	2021-09-03 22:28:09.989+00	157	Follower: aslan, Following: aslan_st	3		11	2
166	2021-09-03 22:28:14.313+00	161	Follower: admin, Following: admin	3		11	2
167	2021-09-03 22:28:41.083+00	162	Follower: aslan, Following: admin	3		11	2
168	2021-09-03 22:47:45.463+00	452	Follower: aslan, Following: frodo	1	[{"added": {}}]	11	2
169	2021-09-03 22:47:52.812+00	453	Follower: aslan, Following: tester	1	[{"added": {}}]	11	2
170	2021-09-03 22:50:24.811+00	455	Follower: aslan, Following: admin	3		11	2
171	2021-09-03 22:50:24.814+00	453	Follower: aslan, Following: tester	3		11	2
172	2021-09-03 22:50:24.815+00	452	Follower: aslan, Following: frodo	3		11	2
173	2021-09-04 09:42:23.923+00	118	fsdfsdfsdfsfsdf	3		7	2
174	2021-09-04 09:42:23.926+00	117	IOSIK GANDON AS	3		7	2
175	2021-09-04 09:42:23.928+00	116	MONGOL	3		7	2
176	2021-09-04 09:42:23.929+00	115	fsdfewdfew	3		7	2
177	2021-09-04 09:42:23.93+00	114	aslanaslanaslan	3		7	2
178	2021-09-04 09:42:23.931+00	113	aslan	3		7	2
179	2021-09-04 09:42:23.931+00	112	dasdasdas	3		7	2
180	2021-09-04 09:42:23.932+00	111	dasdasdASLAN	3		7	2
181	2021-09-04 09:42:23.933+00	110	ASLAN	3		7	2
182	2021-09-04 09:42:23.934+00	109	fsdfsdf	3		7	2
183	2021-09-04 09:42:23.935+00	108	fsdfsdfs	3		7	2
184	2021-09-04 09:42:23.936+00	107	MONGOLLLS	3		7	2
185	2021-09-04 09:42:23.936+00	103	aslandasdas	3		7	2
186	2021-09-04 09:42:23.937+00	102	dqsdasda	3		7	2
187	2021-09-04 09:42:23.938+00	101	123123	3		7	2
188	2021-09-04 09:42:23.939+00	100	Я люблю мануаль	3		7	2
189	2021-09-04 09:42:23.939+00	99	asdasdfasjkn32h	3		7	2
190	2021-09-04 09:42:23.94+00	98	asdasdfasasf2er	3		7	2
191	2021-09-04 09:42:23.941+00	97	asdasdfas	3		7	2
192	2021-09-04 09:42:23.941+00	96	IOSIK GANDON	3		7	2
193	2021-09-04 09:42:23.942+00	95	ASLASNФТВКУНФыф	3		7	2
194	2021-09-04 09:42:23.943+00	94	ASLASN	3		7	2
195	2021-09-04 09:42:23.943+00	93	ASLASNФТВКУН	3		7	2
196	2021-09-04 09:42:23.944+00	92	ASLASN	3		7	2
197	2021-09-04 09:42:23.945+00	91	ASLASNNNNNDD	3		7	2
198	2021-09-04 09:42:23.945+00	90	fadsfsafsdfASLA	3		7	2
199	2021-09-04 09:42:23.946+00	89	ASLASN	3		7	2
200	2021-09-04 09:42:23.947+00	88	fadsfsafsdfASLA	3		7	2
201	2021-09-04 09:42:23.947+00	87	fadsfsafsdfASLA	3		7	2
202	2021-09-04 09:42:23.948+00	86	fadsfsafsdfASLA	3		7	2
203	2021-09-04 09:42:23.948+00	85	fadsfsafsdf	3		7	2
204	2021-09-04 09:42:23.949+00	84	aslan	3		7	2
205	2021-09-04 09:42:23.95+00	83	Более 30 америк	3		7	2
206	2021-09-04 09:42:23.95+00	82	asf23f3t434t43t	3		7	2
207	2021-09-04 09:42:23.951+00	81	asf23f3t434t43t	3		7	2
208	2021-09-04 09:42:23.951+00	80	asf23f3t434t43t	3		7	2
209	2021-09-04 09:42:23.952+00	79	asdfasd123	3		7	2
210	2021-09-04 09:42:23.952+00	78	asfd23r2332	3		7	2
211	2021-09-04 09:42:23.953+00	77	asdqwef23rf23	3		7	2
212	2021-09-04 09:42:23.954+00	76	asdasdq32d	3		7	2
213	2021-09-04 09:42:23.954+00	75	asdf23r3wrd3ed	3		7	2
214	2021-09-04 09:42:23.955+00	74	FKCFYCKFY	3		7	2
215	2021-09-04 09:42:23.955+00	73	asdadqwe	3		7	2
216	2021-09-04 09:42:23.956+00	72	ASLASNASN	3		7	2
217	2021-09-04 09:42:23.956+00	71	IOSIK PETUH	3		7	2
218	2021-09-04 09:42:23.957+00	70	IOSIK PETUH	3		7	2
219	2021-09-04 09:42:23.957+00	69	ASLASN	3		7	2
220	2021-09-04 09:42:23.958+00	68	asd12e1221	3		7	2
221	2021-09-04 09:42:23.958+00	67	asdasdqw	3		7	2
222	2021-09-04 09:42:23.959+00	66	asdasdasdasd	3		7	2
223	2021-09-04 09:42:23.96+00	65	asdasdasasda	3		7	2
224	2021-09-04 09:42:23.96+00	64	фывфывфывфыв	3		7	2
225	2021-09-04 09:42:23.961+00	63	ASLASNALSAS	3		7	2
226	2021-09-04 09:42:23.961+00	62	ASLASN	3		7	2
227	2021-09-04 09:42:23.961+00	61	aslanlasl	3		7	2
228	2021-09-04 09:42:23.962+00	60	aslallsa	3		7	2
229	2021-09-04 09:42:23.962+00	59	wedasasdasd	3		7	2
230	2021-09-04 09:42:23.963+00	58	ИОСИК ПЕТУХ КОЛ	3		7	2
231	2021-09-04 09:42:23.964+00	57	IOSIK	3		7	2
232	2021-09-04 09:42:23.964+00	56	aslan aslasnans	3		7	2
233	2021-09-04 09:42:23.965+00	55	ASLAN SALSNA IO	3		7	2
234	2021-09-04 09:42:23.965+00	54	fsdfsdfsdfsd	3		7	2
235	2021-09-04 09:42:23.965+00	53	sdfsdfsdf	3		7	2
236	2021-09-04 09:42:23.966+00	52	ASLN KRASAVA	3		7	2
237	2021-09-04 09:42:23.966+00	51	qwdasdasdasd	3		7	2
238	2021-09-04 09:42:23.967+00	50	fsdfs	3		7	2
239	2021-09-04 09:42:23.967+00	49	43к3к34а34к43	3		7	2
240	2021-09-04 09:42:23.968+00	48	ыввыуцвцу	3		7	2
241	2021-09-04 09:42:23.968+00	47	fdd	3		7	2
242	2021-09-04 09:42:23.968+00	46	fsdfsdf	3		7	2
243	2021-09-04 09:42:23.969+00	45	aslan	3		7	2
244	2021-09-04 09:42:23.969+00	44	asdasdsa	3		7	2
245	2021-09-04 09:42:23.97+00	43	e23d23d23	3		7	2
246	2021-09-04 09:42:23.97+00	42	asdqdas	3		7	2
247	2021-09-04 09:42:23.971+00	41	sdfsfe433	3		7	2
248	2021-09-04 09:42:23.971+00	40	adf32232	3		7	2
249	2021-09-04 09:42:23.971+00	39	adfsafsa	3		7	2
250	2021-09-04 09:42:23.972+00	38	123123	3		7	2
251	2021-09-04 09:42:23.972+00	30	ASLANfsdfsdfsdd	3		7	2
252	2021-09-04 09:45:34.086+00	106	Этот пост про о	3		7	2
253	2021-09-04 09:45:34.088+00	105	Этот пост про н	3		7	2
254	2021-09-04 09:45:34.089+00	104	Этот пост про н	3		7	2
255	2021-09-04 09:45:34.09+00	14	Этот пост самый	3		7	2
256	2021-09-04 09:47:08.787+00	29	Сотрудники МЧС 	2	[{"changed": {"fields": ["image"]}}]	7	2
257	2021-09-04 09:49:37.132+00	13	Российская комп	2	[{"changed": {"fields": ["image"]}}]	7	2
258	2021-09-04 09:50:43.09+00	12	Подразделение «	2	[{"changed": {"fields": ["image"]}}]	7	2
259	2021-09-04 09:53:38.8+00	11	Сотрудники МЧС 	2	[{"changed": {"fields": ["image"]}}]	7	2
260	2021-09-04 09:54:28.668+00	10	Команда, в кото	2	[{"changed": {"fields": ["image"]}}]	7	2
261	2021-09-04 09:54:51.057+00	9	Офис Mail.Ru Gr	2	[{"changed": {"fields": ["image"]}}]	7	2
262	2021-09-04 09:56:01.055+00	10	Команда, в кото	2	[{"changed": {"fields": ["image"]}}]	7	2
263	2021-09-04 09:56:37.371+00	8	Mail.ru Group у	2	[{"changed": {"fields": ["image"]}}]	7	2
264	2021-09-04 09:57:15.143+00	6	Транспортная пр	2	[{"changed": {"fields": ["image"]}}]	7	2
265	2021-09-04 09:58:09.202+00	2	Администрация Y	2	[{"changed": {"fields": ["image"]}}]	7	2
266	2021-09-04 09:58:49.94+00	3	Антимонопольный	2	[{"changed": {"fields": ["image"]}}]	7	2
267	2021-09-04 10:14:15.64+00	9	Офис Mail.Ru Gr	2	[{"changed": {"fields": ["image"]}}]	7	2
268	2021-09-04 10:15:29.469+00	7	Компанию Google	2	[{"changed": {"fields": ["image"]}}]	7	2
269	2021-09-04 10:16:36.835+00	5	Бывший президен	2	[{"changed": {"fields": ["image"]}}]	7	2
270	2021-09-04 10:18:30.013+00	4	Более 30 америк	2	[{"changed": {"fields": ["image"]}}]	7	2
271	2021-09-04 13:26:52.938+00	29	Сотрудники МЧС 	2	[{"changed": {"fields": ["text"]}}]	7	2
272	2021-09-04 13:32:50.08+00	29	Сотрудники МЧС 	2	[]	7	2
273	2021-09-04 13:39:08.637+00	14	Товароведы	3		8	2
274	2021-09-04 13:39:08.639+00	13	andrey	3		8	2
275	2021-09-04 13:39:08.639+00	12	andrey	3		8	2
276	2021-09-04 13:39:08.64+00	11	aslan	3		8	2
277	2021-09-04 13:39:08.64+00	10	andre	3		8	2
278	2021-09-04 13:39:08.641+00	9	mail2	3		8	2
279	2021-09-04 13:39:08.641+00	8	yandex2	3		8	2
280	2021-09-04 13:39:08.642+00	7	google5	3		8	2
281	2021-09-04 13:39:08.642+00	6	google4	3		8	2
282	2021-09-04 13:39:08.643+00	5	google3	3		8	2
283	2021-09-04 13:39:08.643+00	4	Google2	3		8	2
284	2021-09-05 14:05:43.493+00	502	Follower: admin, Following: admin	3		11	1
285	2021-09-05 14:08:21.071+00	516	Follower: admin, Following: admin	3		11	1
286	2021-09-05 14:12:34.513+00	522	Follower: admin, Following: admin	3		11	1
287	2021-09-05 14:13:30.928+00	523	Follower: admin, Following: admin	3		11	1
288	2021-09-05 14:14:14.568+00	524	Follower: admin, Following: admin	3		11	1
289	2021-09-05 14:18:52.426+00	525	Follower: admin, Following: admin	3		11	1
290	2021-09-05 14:19:58.322+00	531	Follower: admin, Following: admin	3		11	1
291	2021-09-05 14:21:33.815+00	532	Follower: admin, Following: admin	3		11	1
292	2021-09-05 14:21:51.422+00	533	Follower: admin, Following: admin	3		11	1
293	2021-09-05 14:25:34.943+00	534	Follower: admin, Following: admin	3		11	1
294	2021-09-05 14:49:36.688+00	543	Follower: admin, Following: aslan	3		11	1
295	2021-09-07 22:25:36.968+00	120	ALOHA	1	[{"added": {}}]	7	2
296	2021-09-08 15:45:02.786+00	73	czxcsacdas	3		10	1
297	2021-09-08 15:45:02.789+00	72	;,l	3		10	1
298	2021-09-08 15:45:02.79+00	71	m	3		10	1
299	2021-09-08 15:45:02.791+00	70	fwefwefsdf	3		10	1
300	2021-09-08 15:45:02.792+00	69	fsdfsf	3		10	1
301	2021-09-08 15:45:02.794+00	68	fsdfsdf	3		10	1
302	2021-09-08 15:45:02.795+00	67	fsdfs	3		10	1
303	2021-09-08 15:45:02.795+00	66	fsdfsdf	3		10	1
304	2021-09-08 15:45:02.796+00	65	sdfsdfsdf	3		10	1
305	2021-09-08 15:45:02.797+00	64	fsdfsdf	3		10	1
306	2021-09-08 15:45:02.798+00	63	fsdfsdf	3		10	1
307	2021-09-08 15:45:02.799+00	62	fsdfsdfsdf	3		10	1
308	2021-09-08 15:45:02.799+00	61	fsdfsd	3		10	1
309	2021-09-08 15:45:02.8+00	60	eeeeee	3		10	1
310	2021-09-08 15:45:02.801+00	59	fefsdf	3		10	1
311	2021-09-08 15:45:02.802+00	58	fsdf	3		10	1
312	2021-09-08 15:45:02.802+00	57	sdfsdfsdf	3		10	1
313	2021-09-08 15:45:02.803+00	56	fdsfs	3		10	1
314	2021-09-08 15:45:02.804+00	55	knojkn	3		10	1
315	2021-09-08 15:45:02.805+00	54	fsdf	3		10	1
316	2021-09-08 15:45:02.806+00	53	ouhyuvuybuyibi	3		10	1
317	2021-09-08 15:45:02.806+00	52	I	3		10	1
318	2021-09-08 15:45:02.807+00	51	xx	3		10	1
319	2021-09-08 15:45:02.808+00	50	sdf2e	3		10	1
320	2021-09-08 15:45:02.808+00	49	fsdfsd	3		10	1
321	2021-09-08 15:45:02.809+00	48	asdfs	3		10	1
322	2021-09-08 15:45:02.81+00	47	аква	3		10	1
323	2021-09-08 15:45:02.81+00	46	fsdf	3		10	1
324	2021-09-08 15:45:02.811+00	45	fsdfsdfsdf	3		10	1
325	2021-09-08 15:45:02.812+00	44	fsdf	3		10	1
326	2021-09-08 15:45:02.812+00	43	wer	3		10	1
327	2021-09-08 15:45:02.813+00	42	freer	3		10	1
328	2021-09-08 15:45:02.814+00	41	vdsfsd	3		10	1
329	2021-09-08 15:45:02.814+00	40	asd	3		10	1
330	2021-09-08 15:45:02.815+00	39	fsdfas	3		10	1
331	2021-09-08 15:45:02.815+00	38	fsdf	3		10	1
332	2021-09-08 15:45:02.816+00	37	hey	3		10	1
333	2021-09-08 15:45:02.817+00	36	ыаыва	3		10	1
334	2021-09-08 15:45:02.817+00	35	cxzc	3		10	1
335	2021-09-08 15:45:02.818+00	34	dasd	3		10	1
336	2021-09-08 15:45:02.818+00	33	fsdfvxcv34	3		10	1
337	2021-09-08 15:45:02.819+00	32	fsdf34	3		10	1
338	2021-09-08 15:45:02.82+00	31	fsdfvcx	3		10	1
339	2021-09-08 15:45:02.82+00	30	dsfsdf23	3		10	1
340	2021-09-08 15:45:02.821+00	29	fsdfsd	3		10	1
341	2021-09-08 15:45:02.821+00	28	fsdf	3		10	1
342	2021-09-08 15:45:02.822+00	27	fsdf	3		10	1
343	2021-09-08 15:45:02.823+00	26	fsdf	3		10	1
344	2021-09-08 15:45:02.823+00	25	fsdf	3		10	1
345	2021-09-08 15:45:02.824+00	24	fdsfsd	3		10	1
346	2021-09-08 15:45:02.824+00	23	fsdfsdfs	3		10	1
347	2021-09-08 15:45:02.825+00	22	fsdf	3		10	1
348	2021-09-08 15:45:02.825+00	21	fsdfs	3		10	1
349	2021-09-08 15:45:02.826+00	20	Классный пост!	3		10	1
350	2021-09-08 15:45:02.826+00	19	Классный пост!	3		10	1
351	2021-09-08 15:45:02.827+00	16	Монголам привет	3		10	1
352	2021-09-08 15:48:33.338+00	75	пваыва	3		10	2
353	2021-09-08 15:48:33.34+00	74	вфывфыв	3		10	2
354	2021-09-08 16:11:23.962+00	83	авыаыв	3		10	1
355	2021-09-08 16:11:23.965+00	82	dasda	3		10	1
356	2021-09-08 16:11:23.967+00	81	dasdas	3		10	1
357	2021-09-08 16:11:23.969+00	80	dsada	3		10	1
358	2021-09-08 16:11:23.971+00	79	выфвфы	3		10	1
359	2021-09-08 16:11:23.973+00	78	выфвфы	3		10	1
360	2021-09-08 16:11:23.974+00	77	123123	3		10	1
361	2021-09-08 16:11:23.976+00	76	123	3		10	1
362	2021-09-08 18:50:56.626+00	87	gfdgdf	3		10	1
363	2021-09-08 18:50:56.629+00	86	fsdfsdf	3		10	1
364	2021-09-08 18:50:56.631+00	85	fdsfsd	3		10	1
365	2021-09-08 18:50:56.632+00	84	fdsfsd	3		10	1
366	2021-09-08 19:59:06.857+00	96	sdfsdf	3		10	1
367	2021-09-08 19:59:06.859+00	95	asdfs	3		10	1
368	2021-09-08 19:59:06.861+00	94	asdfs	3		10	1
369	2021-09-08 19:59:06.862+00	93	fsdfsd	3		10	1
370	2021-09-08 19:59:06.864+00	92	dasdasd	3		10	1
371	2021-09-08 19:59:06.865+00	91	fdsfsdf	3		10	1
372	2021-09-08 19:59:06.867+00	90	dfsfs	3		10	1
373	2021-09-08 19:59:06.868+00	89	dasdas	3		10	1
374	2021-09-08 19:59:06.87+00	88	fdsfsdf	3		10	1
375	2021-09-08 20:03:20.129+00	100	fads	3		10	1
376	2021-09-08 20:03:20.132+00	99	dsdasd	3		10	1
377	2021-09-08 20:03:20.133+00	98	dasd	3		10	1
378	2021-09-08 20:03:20.135+00	97	fsdfsdf	3		10	1
379	2022-01-03 23:37:59.531+00	119	sdfs	3		10	1
380	2022-01-03 23:37:59.535+00	118	fsdfsdf	3		10	1
381	2022-01-03 23:37:59.537+00	117	asdasd	3		10	1
382	2022-01-03 23:37:59.539+00	116	fasfsa	3		10	1
383	2022-01-03 23:37:59.54+00	115	344566uy	3		10	1
384	2022-01-03 23:37:59.541+00	114	dfasdas	3		10	1
385	2022-01-03 23:37:59.542+00	113	asdq	3		10	1
386	2022-01-03 23:37:59.544+00	112	asdas	3		10	1
387	2022-01-03 23:37:59.545+00	111	sadas	3		10	1
388	2022-01-03 23:37:59.546+00	110	вывфы	3		10	1
389	2022-01-03 23:37:59.548+00	109	faefsdfad	3		10	1
390	2022-01-03 23:37:59.549+00	108	fdsfsdf	3		10	1
391	2022-01-03 23:37:59.55+00	107	iion	3		10	1
392	2022-01-03 23:37:59.551+00	106	dasd	3		10	1
393	2022-01-03 23:37:59.552+00	105	asdas	3		10	1
394	2022-01-03 23:37:59.553+00	104	dasda	3		10	1
395	2022-01-03 23:37:59.553+00	103	fad1212	3		10	1
396	2022-01-03 23:37:59.554+00	102	fsdf	3		10	1
397	2022-01-03 23:37:59.555+00	101	fadfas	3		10	1
398	2022-01-07 18:48:21.134851+00	141	asdasd	3		7	1
399	2022-01-07 18:48:21.167758+00	139	sdfsdfsdf	3		7	1
400	2022-01-07 18:48:21.169402+00	138	uhiuhou	3		7	1
401	2022-01-07 18:48:21.171309+00	135	asfdasd	3		7	1
402	2022-01-07 18:48:21.172741+00	121	gdfg	3		7	1
403	2022-01-07 18:48:21.174399+00	120	ALOHA	3		7	1
404	2022-01-07 19:01:46.875211+00	8	Mail.ru Group у	2	[{"changed": {"fields": ["\\u041a\\u0430\\u0440\\u0442\\u0438\\u043d\\u043a\\u0430"]}}]	7	1
405	2022-01-07 19:01:53.997965+00	7	Компанию Google	2	[{"changed": {"fields": ["\\u041a\\u0430\\u0440\\u0442\\u0438\\u043d\\u043a\\u0430"]}}]	7	1
406	2022-01-07 19:02:04.763259+00	5	Бывший президен	2	[{"changed": {"fields": ["\\u041a\\u0430\\u0440\\u0442\\u0438\\u043d\\u043a\\u0430"]}}]	7	1
407	2022-01-07 19:02:15.818151+00	5	Бывший президен	2	[{"changed": {"fields": ["\\u041a\\u0430\\u0440\\u0442\\u0438\\u043d\\u043a\\u0430"]}}]	7	1
408	2022-01-07 19:02:29.10552+00	2	Администрация Y	2	[{"changed": {"fields": ["\\u041a\\u0430\\u0440\\u0442\\u0438\\u043d\\u043a\\u0430"]}}]	7	1
\.


--
-- Data for Name: django_content_type; Type: TABLE DATA; Schema: public; Owner: aslan
--

COPY public.django_content_type (id, app_label, model) FROM stdin;
1	admin	logentry
2	auth	permission
3	auth	group
4	auth	user
5	contenttypes	contenttype
6	sessions	session
7	posts	post
8	posts	group
9	thumbnail	kvstore
10	posts	comment
11	posts	follow
\.


--
-- Data for Name: django_migrations; Type: TABLE DATA; Schema: public; Owner: aslan
--

COPY public.django_migrations (id, app, name, applied) FROM stdin;
1	contenttypes	0001_initial	2022-01-07 15:10:07.019939+00
2	auth	0001_initial	2022-01-07 15:10:07.057607+00
3	admin	0001_initial	2022-01-07 15:10:07.141287+00
4	admin	0002_logentry_remove_auto_add	2022-01-07 15:10:07.157155+00
5	admin	0003_logentry_add_action_flag_choices	2022-01-07 15:10:07.163307+00
6	contenttypes	0002_remove_content_type_name	2022-01-07 15:10:07.174861+00
7	auth	0002_alter_permission_name_max_length	2022-01-07 15:10:07.181683+00
8	auth	0003_alter_user_email_max_length	2022-01-07 15:10:07.188064+00
9	auth	0004_alter_user_username_opts	2022-01-07 15:10:07.194233+00
10	auth	0005_alter_user_last_login_null	2022-01-07 15:10:07.201312+00
11	auth	0006_require_contenttypes_0002	2022-01-07 15:10:07.203429+00
12	auth	0007_alter_validators_add_error_messages	2022-01-07 15:10:07.209175+00
13	auth	0008_alter_user_username_max_length	2022-01-07 15:10:07.218863+00
14	auth	0009_alter_user_last_name_max_length	2022-01-07 15:10:07.224902+00
15	auth	0010_alter_group_name_max_length	2022-01-07 15:10:07.231846+00
16	auth	0011_update_proxy_permissions	2022-01-07 15:10:07.237804+00
17	auth	0012_alter_user_first_name_max_length	2022-01-07 15:10:07.243998+00
18	posts	0001_initial	2022-01-07 15:10:07.257277+00
19	posts	0002_auto_20210718_2006	2022-01-07 15:10:07.317089+00
20	posts	0003_auto_20210718_2033	2022-01-07 15:10:07.329826+00
21	posts	0004_auto_20210718_2037	2022-01-07 15:10:07.34374+00
22	posts	0005_auto_20210718_2042	2022-01-07 15:10:07.354821+00
23	posts	0006_auto_20210719_2046	2022-01-07 15:10:07.37251+00
24	posts	0007_auto_20210719_2047	2022-01-07 15:10:07.397423+00
25	posts	0008_auto_20210720_2204	2022-01-07 15:10:07.407784+00
26	posts	0009_auto_20210721_1755	2022-01-07 15:10:07.414097+00
27	posts	0010_post_image	2022-01-07 15:10:07.421244+00
28	posts	0011_comment	2022-01-07 15:10:07.436456+00
29	posts	0012_auto_20210829_0000	2022-01-07 15:10:07.455127+00
30	posts	0013_auto_20210829_0052	2022-01-07 15:10:07.465198+00
31	posts	0014_auto_20210829_1135	2022-01-07 15:10:07.487566+00
32	posts	0015_auto_20210829_1146	2022-01-07 15:10:07.499972+00
33	posts	0016_auto_20210829_1147	2022-01-07 15:10:07.51142+00
34	posts	0017_auto_20210829_1150	2022-01-07 15:10:07.522737+00
35	posts	0018_auto_20210831_2235	2022-01-07 15:10:07.56776+00
36	posts	0019_auto_20210904_2102	2022-01-07 15:10:07.59346+00
37	posts	0020_auto_20210904_2108	2022-01-07 15:10:07.601183+00
38	sessions	0001_initial	2022-01-07 15:10:07.610555+00
39	thumbnail	0001_initial	2022-01-07 15:10:07.626631+00
\.


--
-- Data for Name: django_session; Type: TABLE DATA; Schema: public; Owner: aslan
--

COPY public.django_session (session_key, session_data, expire_date) FROM stdin;
2s519e58wmbd2bmeei21ju6uxo9a8roz	.eJxVjEEOwiAQRe_C2pCB1gIu3fcMZGYYpWogKe3KeHfbpAvdvvf-f6uI65Lj2mSOU1IXZdXplxHyU8ou0gPLvWquZZkn0nuiD9v0WJO8rkf7d5Cx5W1tbgaEAwGYM7keMUAXgjNEzMaCYBLCwSP7jYFJ3ol4Fzqx0g-WO_X5AutQOB4:1mO3pR:wfYVJv7YVpceqJZ9Up6_OD-V6T7PINdksFZfsu1EqSA	2021-09-22 20:05:53.341+00
bwz6msc65pt8cgd6mzqj91s75s90hh0m	.eJxVjEsOgzAMBe-SdRXhBELcZfecATmx3dBWIPFZVb17QWLRbmfmvbfpaVtLvy0y9wObqwFz-WWJ8lPGQ_CDxvtk8zSu85DskdjTLrabWF63s_07KLSUfZ24cV6rukHnwasGSgisyhHFV5gCILLsqM4ZIirFAOQhSHbStk7N5wvn4jgX:1mNk4h:b0cgZDZ00qijIT2e6biLWCVtGeHM6gXu_wH2wwJZORk	2021-09-21 23:00:19.821+00
c2wnc1ar1glzujk9c39jknv5xfkttdif	YzgzYmRiZTYxNDYyZDVkZWQ1NGY4ZmNhZjE2ZjFhOWUzZWMwNWY4ZTp7Il9hdXRoX3VzZXJfaWQiOiI0IiwiX2F1dGhfdXNlcl9iYWNrZW5kIjoiZGphbmdvLmNvbnRyaWIuYXV0aC5iYWNrZW5kcy5Nb2RlbEJhY2tlbmQiLCJfYXV0aF91c2VyX2hhc2giOiI4NjljY2QzOWFlODc1ZGZkMTRhMmNhMzRlOTk1OTIxOTY4ZGRkZmY4In0=	2021-08-14 19:03:23.549+00
et4ycebniv74ooqlb5pi0bw4xb3hhwvs	.eJxVjEsOgzAMBe-SdRXhBELcZfecATmx3dBWIPFZVb17QWLRbmfmvbfpaVtLvy0y9wObqwFz-WWJ8lPGQ_CDxvtk8zSu85DskdjTLrabWF63s_07KLSUfZ24cV6rukHnwasGSgisyhHFV5gCILLsqM4ZIirFAOQhSHbStk7N5wvn4jgX:1mNjvM:FCJYgOg_AW3edPGJaDRPhoMjXFjf6XcTc6c5ILJ60qA	2021-09-21 22:50:40.019+00
il3bjpcihlcgqkpamzechevmdnekw43y	MWNiNzBhZGViY2E4NmRiOWZhMjY5OTQxNTliMmRlOThjNWUyYzlkZDp7Il9hdXRoX3VzZXJfaWQiOiIxIiwiX2F1dGhfdXNlcl9iYWNrZW5kIjoiZGphbmdvLmNvbnRyaWIuYXV0aC5iYWNrZW5kcy5Nb2RlbEJhY2tlbmQiLCJfYXV0aF91c2VyX2hhc2giOiI2MzI2MjJlNWEyYzViOGRkYThiMGUxNjg0YzNhMzFhNmFlNTQ3MjA1In0=	2021-08-01 18:07:18.543+00
o4ew7ah2gy6sv1cgbp3xtl21okextzdy	MWNiNzBhZGViY2E4NmRiOWZhMjY5OTQxNTliMmRlOThjNWUyYzlkZDp7Il9hdXRoX3VzZXJfaWQiOiIxIiwiX2F1dGhfdXNlcl9iYWNrZW5kIjoiZGphbmdvLmNvbnRyaWIuYXV0aC5iYWNrZW5kcy5Nb2RlbEJhY2tlbmQiLCJfYXV0aF91c2VyX2hhc2giOiI2MzI2MjJlNWEyYzViOGRkYThiMGUxNjg0YzNhMzFhNmFlNTQ3MjA1In0=	2021-08-01 17:53:31.87+00
p7zeg66d9hho3u5xm5rydau4sr2mjkyy	MWNiNzBhZGViY2E4NmRiOWZhMjY5OTQxNTliMmRlOThjNWUyYzlkZDp7Il9hdXRoX3VzZXJfaWQiOiIxIiwiX2F1dGhfdXNlcl9iYWNrZW5kIjoiZGphbmdvLmNvbnRyaWIuYXV0aC5iYWNrZW5kcy5Nb2RlbEJhY2tlbmQiLCJfYXV0aF91c2VyX2hhc2giOiI2MzI2MjJlNWEyYzViOGRkYThiMGUxNjg0YzNhMzFhNmFlNTQ3MjA1In0=	2021-08-20 23:33:08.191+00
toiefc8ob8hbrk3fb0tquj6fwgr20wt9	MzJjYjk5MWM1MWNjNWVjNThkMWMzYmFjMjg2ZmNkY2I0MjE2YWVlYzp7Il9hdXRoX3VzZXJfaWQiOiIyIiwiX2F1dGhfdXNlcl9iYWNrZW5kIjoiZGphbmdvLmNvbnRyaWIuYXV0aC5iYWNrZW5kcy5Nb2RlbEJhY2tlbmQiLCJfYXV0aF91c2VyX2hhc2giOiI2OTUzYjZlZWNhMTdlNjU3YjRlODAzMTU1ZDAxMjE5Y2YyZmI0ODAxIn0=	2021-08-01 20:43:29.732+00
utpd8aq02zt4lbv2i6ynf2vim9h3wigf	MzcwMDM2MTkxNDZmYmFmNzJjZDMzMTM4NWM3MmU3NjVmOTJiZWQ0Njp7Il9hdXRoX3VzZXJfaWQiOiIyIiwiX2F1dGhfdXNlcl9iYWNrZW5kIjoiZGphbmdvLmNvbnRyaWIuYXV0aC5iYWNrZW5kcy5Nb2RlbEJhY2tlbmQiLCJfYXV0aF91c2VyX2hhc2giOiIxMmZiZjcwM2Y1MGU0ZGYzNTRlYzhiMGY0YzdhZTg2Yzc1YmMyZmY5In0=	2021-08-22 13:41:29.511+00
w2kt0knq2ponnj0tbti4hx6tlfik91ni	.eJxVjEsOgzAMBe-SdRXhBELcZfecATmx3dBWIPFZVb17QWLRbmfmvbfpaVtLvy0y9wObqwFz-WWJ8lPGQ_CDxvtk8zSu85DskdjTLrabWF63s_07KLSUfZ24cV6rukHnwasGSgisyhHFV5gCILLsqM4ZIirFAOQhSHbStk7N5wvn4jgX:1n4Wh0:glV4b63vPT-LaFtMwA14V9PCcPh7kZZZN-__y2Jmx1Y	2022-01-17 23:24:42.065+00
xd3hz4degnnznkrf922ckrvefrm8fswq	.eJxVjEsOgzAMBe-SdRXhBELcZfecATmx3dBWIPFZVb17QWLRbmfmvbfpaVtLvy0y9wObqwFz-WWJ8lPGQ_CDxvtk8zSu85DskdjTLrabWF63s_07KLSUfZ24cV6rukHnwasGSgisyhHFV5gCILLsqM4ZIirFAOQhSHbStk7N5wvn4jgX:1n5smA:HOgzhedn8grVC9d8UiITnsmLTS8YmDXSHhR6NGW7Jp0	2022-01-21 17:11:38.982395+00
\.


--
-- Data for Name: posts_comment; Type: TABLE DATA; Schema: public; Owner: aslan
--

COPY public.posts_comment (id, text, created, post_id, author_id) FROM stdin;
\.


--
-- Data for Name: posts_follow; Type: TABLE DATA; Schema: public; Owner: aslan
--

COPY public.posts_follow (id, author_id, user_id) FROM stdin;
647	1	2
655	2	1
\.


--
-- Data for Name: posts_group; Type: TABLE DATA; Schema: public; Owner: aslan
--

COPY public.posts_group (id, title, slug, description) FROM stdin;
1	Google	google	Группа приверженцев Google.
2	Yandex	yandex	Группа приверженцев yandex.
3	Mail	mail	Группа приверженцев mail.
\.


--
-- Data for Name: posts_post; Type: TABLE DATA; Schema: public; Owner: aslan
--

COPY public.posts_post (id, text, author_id, group_id, image, pub_date) FROM stdin;
3	Антимонопольный регулятор Франции выписал штраф в отношении корпорации Google в размере €500 млн.	2	1	posts/Google-utochnil-chto-novye-ruchnye-sankcii-po-Novostyam-i-Discover.jpeg	2021-08-29 11:35:41.97+00
4	Более 30 американских штатов подали иск против компании Google из-за нарушения антимонопольного законодательства.	2	1	posts/bolee-30-amerikanskih-shtatov-podali-isk-k-google-iz-za-komissii.png	2021-08-29 11:35:41.97+00
6	Транспортная прокуратура просит Мещанский суд Москвы о запрете компании Google размещения в свободном доступе информации, пропагандирующей деятельность зацеперов.	2	1	posts/Google.png	2021-08-29 11:35:41.97+00
8	Mail.ru Group уволила Юрия Гурского – вице-президента группы по новым продуктам, рассказали «Ведомостям» два источника в компании и подтвердил вице-президент Mail.ru Group Дмитрий Сергеев. «Мы его уволили из-за конфликта интересов», - уточнил он. Гурский, работая в компании, занимался сторонними проектами и получал доли в этих проектах, не учитывая интересы работодателя, утверждает Сергеев. Близкий к группе человек говорит, что Гурскому были отправлены документы об увольнении	2	3	posts/9DCCE760-D9D9-4A2F-8ABB-B3D995914C7D_I8ihyLb.jpeg	2021-08-29 11:35:41.97+00
7	Компанию Google могут оштрафовать ещё на сумму до 12 млн рублей за отказ удалить запрещённый контент по требованию Роскомнадзора. Об этом сообщает ТАСС со ссылкой на 422-й мировой судебный участок Москвы.	2	1	posts/Google-Plus-Shut-Down_VdCvkYt.jpeg	2021-08-29 11:35:41.97+00
5	Бывший президент США Дональд Трамп подаёт судебные иски против компаний Facebook, Google и Twitter, а также против их директоров Марка Цукерберга, Сундара Пичаи и Джека Дорси.	2	1	posts/ASLANPRIVET_kI051OX.png	2021-08-29 11:35:41.97+00
2	Администрация YouTube не удалила около 5 тыс. запрещённых материалов, в том числе экстремистских и террористических организаций, заявил Роскомнадзор. Ведомство отметило, что видеохостинг игнорирует его требования и об удалении фейков о коронавирусе.	2	1	posts/download_1_bb5lnaM.png	2021-08-29 11:35:41.97+00
\.


--
-- Data for Name: thumbnail_kvstore; Type: TABLE DATA; Schema: public; Owner: aslan
--

COPY public.thumbnail_kvstore (key, value) FROM stdin;
sorl-thumbnail||image||00bb6a5e426d4b9049cd4e23e89e1620	{"name": "cache/0d/07/0d077a627ffb80ddc2e7e70d38bcc474.jpg", "storage": "django.core.files.storage.FileSystemStorage", "size": [960, 339]}
sorl-thumbnail||image||1aec5a2c9d82b895067308a5f387da93	{"name": "cache/13/57/1357e1cb32448c7c357218f88b772a0a.jpg", "storage": "django.core.files.storage.FileSystemStorage", "size": [960, 339]}
sorl-thumbnail||image||2ff0c75cf7bc16d3cf96463d9cd38f19	{"name": "posts/Screenshot_2021-09-23_at_15.30.00_r1qCZLJ.png", "storage": "django.core.files.storage.FileSystemStorage", "size": [1268, 1138]}
sorl-thumbnail||image||30ec112f76477abf877e99a31bb9151a	{"name": "posts/44f9e90d3fcebcf037f7f8dc7592dcfe.jpeg", "storage": "django.core.files.storage.FileSystemStorage", "size": [695, 204]}
sorl-thumbnail||image||380735c8e62389a3f7c60db2b9abe1f6	{"name": "posts/2b036ffb02941547e994eaea82fbbaa26b-15-google-facebook-twitter.rsocial.w1200_e1uOYVF.jpg", "storage": "django.core.files.storage.FileSystemStorage", "size": [1200, 630]}
sorl-thumbnail||image||38915101301171f720acc956906caf78	{"name": "posts/2b036ffb02941547e994eaea82fbbaa26b-15-google-facebook-twitter.rsocial.w1200.jpg", "storage": "django.core.files.storage.FileSystemStorage", "size": [1200, 630]}
sorl-thumbnail||image||3f339b947997a800008ec750cc6affd5	{"name": "posts/Twitter.png", "storage": "django.core.files.storage.FileSystemStorage", "size": [1139, 926]}
sorl-thumbnail||image||45c26d10322923478359abb598a5b0d4	{"name": "posts/cc0518dbaa591e6a77ae14cf353db613c51fa085954be0067807dc292f6b1c05.jpeg", "storage": "django.core.files.storage.FileSystemStorage", "size": [1363, 723]}
sorl-thumbnail||image||4ba2afa519c8a1be375b9819cec049ce	{"name": "posts/Google-utochnil-chto-novye-ruchnye-sankcii-po-Novostyam-i-Discover.jpeg", "storage": "django.core.files.storage.FileSystemStorage", "size": [1920, 1080]}
sorl-thumbnail||image||4f9af7eac42290cdb764c69f3417a5a4	{"name": "cache/fd/e6/fde68c92044b9db5f33ac8c0627522e1.jpg", "storage": "django.core.files.storage.FileSystemStorage", "size": [960, 339]}
sorl-thumbnail||image||50208a0a7108a66b65e8418809a0f2b4	{"name": "cache/31/4e/314e54f4ecf3772ee0372cf0e47df36c.jpg", "storage": "django.core.files.storage.FileSystemStorage", "size": [960, 339]}
sorl-thumbnail||image||529d0824e696dff71189d5114eee4c08	{"name": "posts/2021-09-05_06.19.00.jpg", "storage": "django.core.files.storage.FileSystemStorage", "size": [1280, 853]}
sorl-thumbnail||image||5a1f22340d504cffbbd4b5173b347a6b	{"name": "cache/5e/df/5edf75ab7c279e78d8e3cbdcb56b5a79.jpg", "storage": "django.core.files.storage.FileSystemStorage", "size": [960, 339]}
sorl-thumbnail||image||5e33c79b3135a183a659b0727d492ab4	{"name": "posts/Screenshot_2021-09-23_at_15.30.00_qRop2RV.png", "storage": "django.core.files.storage.FileSystemStorage", "size": [1268, 1138]}
sorl-thumbnail||image||6c88146dfc137e3391a7f88bd23f3402	{"name": "cache/61/17/61172819bcf2a6475a763fe2a20db5c8.jpg", "storage": "django.core.files.storage.FileSystemStorage", "size": [960, 339]}
sorl-thumbnail||image||70b673213aab2fe8b9eb241ff5f2bfdb	{"name": "cache/f7/01/f7011a51d5f5e3f4a947f0d12b2fd1f0.jpg", "storage": "django.core.files.storage.FileSystemStorage", "size": [960, 339]}
sorl-thumbnail||image||727fb244496c6f359d034833f81fff65	{"name": "cache/00/5c/005c369bc2455e1ee78c7b78511b98d5.jpg", "storage": "django.core.files.storage.FileSystemStorage", "size": [960, 339]}
sorl-thumbnail||image||7543927f341876f39460bb8673069ee3	{"name": "cache/d5/1f/d51fc8744cdbad578813e20f0de0c76a.jpg", "storage": "django.core.files.storage.FileSystemStorage", "size": [960, 339]}
sorl-thumbnail||image||88de105e248b88583a5400b150e7f354	{"name": "posts/YouTube-Logo.jpeg", "storage": "django.core.files.storage.FileSystemStorage", "size": [1920, 1080]}
sorl-thumbnail||image||89f763bf23eb7a884793af042cce29da	{"name": "cache/73/f9/73f930922d4b0759d84e53fa1d46b671.jpg", "storage": "django.core.files.storage.FileSystemStorage", "size": [960, 339]}
sorl-thumbnail||image||8ee5a2ee925a4de4706197164280dbed	{"name": "posts/Google.png", "storage": "django.core.files.storage.FileSystemStorage", "size": [1192, 432]}
sorl-thumbnail||image||91a826a1cd6c9a4bb92becde63fe8b6b	{"name": "cache/52/98/5298187211a44e20a11a3dfd187d0312.jpg", "storage": "django.core.files.storage.FileSystemStorage", "size": [960, 339]}
sorl-thumbnail||image||954ee8574f86013d93712cab589a2315	{"name": "cache/a7/16/a71637362b3eb4f9a65e66304ae117c7.jpg", "storage": "django.core.files.storage.FileSystemStorage", "size": [960, 339]}
sorl-thumbnail||image||99d9adc3568e78be37101bf5e2ad9854	{"name": "posts/profile.jpg", "storage": "django.core.files.storage.FileSystemStorage", "size": [3120, 4160]}
sorl-thumbnail||image||a48546358f5ffa1dcc95f34464ffe9d6	{"name": "cache/92/1e/921e88bb3dd9626106e603c312702446.jpg", "storage": "django.core.files.storage.FileSystemStorage", "size": [960, 339]}
sorl-thumbnail||image||a67af15f67e2db690bbf3a12237150cf	{"name": "cache/30/42/304284344d9b876b8694151c724b6465.jpg", "storage": "django.core.files.storage.FileSystemStorage", "size": [960, 339]}
sorl-thumbnail||image||acc5ea8c085f75a25cc27a5eafd0378f	{"name": "posts/f4dc48d01d714f64ebb49247b7901f81.jpeg", "storage": "django.core.files.storage.FileSystemStorage", "size": [630, 354]}
sorl-thumbnail||image||b00c50d9ed30edfcc7df85efd30d2768	{"name": "cache/a8/c0/a8c074edc7f71c4af77d0bfe30d7f37a.jpg", "storage": "django.core.files.storage.FileSystemStorage", "size": [960, 339]}
sorl-thumbnail||image||b02bbadf2e063cf3e893c60904704a99	{"name": "cache/74/aa/74aa389c2f73d2a6f04187473c1b3563.jpg", "storage": "django.core.files.storage.FileSystemStorage", "size": [960, 339]}
sorl-thumbnail||image||b2a4fd911a059ca29eb702bc01974649	{"name": "cache/05/4d/054d22bfdbacce9994368549eebc2f50.jpg", "storage": "django.core.files.storage.FileSystemStorage", "size": [960, 339]}
sorl-thumbnail||image||b906cf2876c22519df8b5fc340328130	{"name": "posts/338.jpeg", "storage": "django.core.files.storage.FileSystemStorage", "size": [720, 214]}
sorl-thumbnail||image||ba59c730117222ddead355e9bfd4dee4	{"name": "cache/06/80/068033ae75ae8758d01e78beab12da8a.jpg", "storage": "django.core.files.storage.FileSystemStorage", "size": [960, 339]}
sorl-thumbnail||image||bcfe330a23542930304e68b113a1a142	{"name": "cache/6c/58/6c587f07931253d686d14e4c2164efa9.jpg", "storage": "django.core.files.storage.FileSystemStorage", "size": [960, 339]}
sorl-thumbnail||image||bf628703543703fe4e75bbb3b8a321ae	{"name": "posts/\\u0421\\u043d\\u0438\\u043c\\u043e\\u043a_\\u044d\\u043a\\u0440\\u0430\\u043d\\u0430_2021-08-22_\\u0432_15.49.34.png", "storage": "django.core.files.storage.FileSystemStorage", "size": [920, 910]}
sorl-thumbnail||image||c660ba4ed90a06cb588906697cb4086b	{"name": "posts/maxresdefault.jpeg", "storage": "django.core.files.storage.FileSystemStorage", "size": [1280, 720]}
sorl-thumbnail||image||c7b2192b4b9923e7c660d04d3599f0ab	{"name": "posts/bolee-30-amerikanskih-shtatov-podali-isk-k-google-iz-za-komissii.png", "storage": "django.core.files.storage.FileSystemStorage", "size": [1200, 630]}
sorl-thumbnail||image||cafeea1c02acff5c11192a1a69f3c5e9	{"name": "posts/Screenshot_2021-09-23_at_15.30.00.png", "storage": "django.core.files.storage.FileSystemStorage", "size": [1268, 1138]}
sorl-thumbnail||image||d1efe177cc55b49850c4883c4a7e1c1b	{"name": "posts/070621-google-ads-m.webp", "storage": "django.core.files.storage.FileSystemStorage", "size": [1280, 720]}
sorl-thumbnail||image||d9519da7b74201ee6af3c0ceb2c317eb	{"name": "posts/2021-09-05_06.19.00_euvKben.jpg", "storage": "django.core.files.storage.FileSystemStorage", "size": [1280, 853]}
sorl-thumbnail||image||e30139b62c8ab8bebb5af5f959631355	{"name": "cache/64/2a/642a1443951df36f99c8c335adb98c42.jpg", "storage": "django.core.files.storage.FileSystemStorage", "size": [960, 339]}
sorl-thumbnail||image||eafba18b77aa71275b563a289374f6a9	{"name": "cache/54/1a/541a810d584807f141165c76113f41a4.jpg", "storage": "django.core.files.storage.FileSystemStorage", "size": [960, 339]}
sorl-thumbnail||image||ed9b31a2ccea1c7a431c1be13866ee1f	{"name": "posts/\\u0421\\u043d\\u0438\\u043c\\u043e\\u043a_\\u044d\\u043a\\u0440\\u0430\\u043d\\u0430_2021-08-29_\\u0432_14.01.32.png", "storage": "django.core.files.storage.FileSystemStorage", "size": [810, 726]}
sorl-thumbnail||image||f1d859ddc753c6714613fef1f773b614	{"name": "cache/9f/78/9f782f1f496766d7edc78ff6c4fad346.jpg", "storage": "django.core.files.storage.FileSystemStorage", "size": [960, 339]}
sorl-thumbnail||image||f3cc7b852b91a889993530b978575e83	{"name": "posts/0a92357e4f5cdaf5156b5f0604bf051b.png", "storage": "django.core.files.storage.FileSystemStorage", "size": [1440, 600]}
sorl-thumbnail||image||f52634ac273d31a57cedd32f750810dd	{"name": "cache/b8/02/b802a4bbc73eb7c84376aac44d56eecb.jpg", "storage": "django.core.files.storage.FileSystemStorage", "size": [960, 339]}
sorl-thumbnail||image||f7348da30c0aa95e397d08872b725a36	{"name": "cache/de/ce/dece0218f3838116f1dcf59457328382.jpg", "storage": "django.core.files.storage.FileSystemStorage", "size": [960, 339]}
sorl-thumbnail||image||f7fad81e4131c559b62d28d7fbf8f1ca	{"name": "posts/Screenshot_2021-09-23_at_15.30.00_c88ypUR.png", "storage": "django.core.files.storage.FileSystemStorage", "size": [1268, 1138]}
sorl-thumbnail||image||fb8c3f040af6cf4f98a7b8f0df2a0ecd	{"name": "posts/5ec36d5b-98f6-4c85-a175-97ef92a2d8e4.png", "storage": "django.core.files.storage.FileSystemStorage", "size": [5402, 1738]}
sorl-thumbnail||thumbnails||2ff0c75cf7bc16d3cf96463d9cd38f19	["bcfe330a23542930304e68b113a1a142"]
sorl-thumbnail||thumbnails||30ec112f76477abf877e99a31bb9151a	["4f9af7eac42290cdb764c69f3417a5a4"]
sorl-thumbnail||thumbnails||380735c8e62389a3f7c60db2b9abe1f6	["7543927f341876f39460bb8673069ee3"]
sorl-thumbnail||thumbnails||38915101301171f720acc956906caf78	["91a826a1cd6c9a4bb92becde63fe8b6b"]
sorl-thumbnail||thumbnails||3f339b947997a800008ec750cc6affd5	["727fb244496c6f359d034833f81fff65"]
sorl-thumbnail||thumbnails||45c26d10322923478359abb598a5b0d4	["f52634ac273d31a57cedd32f750810dd"]
sorl-thumbnail||thumbnails||4ba2afa519c8a1be375b9819cec049ce	["eafba18b77aa71275b563a289374f6a9"]
sorl-thumbnail||thumbnails||529d0824e696dff71189d5114eee4c08	["ba59c730117222ddead355e9bfd4dee4"]
sorl-thumbnail||thumbnails||5e33c79b3135a183a659b0727d492ab4	["6c88146dfc137e3391a7f88bd23f3402"]
sorl-thumbnail||thumbnails||88de105e248b88583a5400b150e7f354	["b02bbadf2e063cf3e893c60904704a99"]
sorl-thumbnail||thumbnails||8ee5a2ee925a4de4706197164280dbed	["00bb6a5e426d4b9049cd4e23e89e1620"]
sorl-thumbnail||thumbnails||99d9adc3568e78be37101bf5e2ad9854	["89f763bf23eb7a884793af042cce29da"]
sorl-thumbnail||thumbnails||acc5ea8c085f75a25cc27a5eafd0378f	["f1d859ddc753c6714613fef1f773b614"]
sorl-thumbnail||thumbnails||b906cf2876c22519df8b5fc340328130	["70b673213aab2fe8b9eb241ff5f2bfdb"]
sorl-thumbnail||thumbnails||bf628703543703fe4e75bbb3b8a321ae	["50208a0a7108a66b65e8418809a0f2b4"]
sorl-thumbnail||thumbnails||c660ba4ed90a06cb588906697cb4086b	["b00c50d9ed30edfcc7df85efd30d2768"]
sorl-thumbnail||thumbnails||c7b2192b4b9923e7c660d04d3599f0ab	["a67af15f67e2db690bbf3a12237150cf"]
sorl-thumbnail||thumbnails||cafeea1c02acff5c11192a1a69f3c5e9	["954ee8574f86013d93712cab589a2315"]
sorl-thumbnail||thumbnails||d1efe177cc55b49850c4883c4a7e1c1b	["b2a4fd911a059ca29eb702bc01974649"]
sorl-thumbnail||thumbnails||d9519da7b74201ee6af3c0ceb2c317eb	["e30139b62c8ab8bebb5af5f959631355"]
sorl-thumbnail||thumbnails||ed9b31a2ccea1c7a431c1be13866ee1f	["a48546358f5ffa1dcc95f34464ffe9d6"]
sorl-thumbnail||thumbnails||f3cc7b852b91a889993530b978575e83	["5a1f22340d504cffbbd4b5173b347a6b"]
sorl-thumbnail||thumbnails||f7fad81e4131c559b62d28d7fbf8f1ca	["f7348da30c0aa95e397d08872b725a36"]
sorl-thumbnail||thumbnails||fb8c3f040af6cf4f98a7b8f0df2a0ecd	["1aec5a2c9d82b895067308a5f387da93"]
sorl-thumbnail||image||85557e60c53d7ec40c6f3fc4bdf25edf	{"name": "posts/Screenshot_2021-09-23_at_15.30.00_EglCh08.png", "storage": "django.core.files.storage.FileSystemStorage", "size": [1268, 1138]}
sorl-thumbnail||image||07ba7b5e127e2e55ebd8dca7511b09c5	{"name": "cache/6d/5c/6d5c73fb251c409fa032b6f34029caf8.jpg", "storage": "django.core.files.storage.FileSystemStorage", "size": [960, 339]}
sorl-thumbnail||thumbnails||85557e60c53d7ec40c6f3fc4bdf25edf	["07ba7b5e127e2e55ebd8dca7511b09c5"]
sorl-thumbnail||image||214dde9c94942098dc11bfe519645e07	{"name": "posts/Screenshot_2021-09-23_at_15.30.00_ysEoLWQ.png", "storage": "django.core.files.storage.FileSystemStorage", "size": [1268, 1138]}
sorl-thumbnail||image||cd56fd993533eb753d369ef1d4603010	{"name": "cache/3c/ad/3cadbfe40c268763787b58762162754f.jpg", "storage": "django.core.files.storage.FileSystemStorage", "size": [960, 339]}
sorl-thumbnail||thumbnails||214dde9c94942098dc11bfe519645e07	["cd56fd993533eb753d369ef1d4603010"]
sorl-thumbnail||image||0cdb80d30fd70a29f30fb9bb86e846d0	{"name": "posts/2021-09-05_06.19.00_AfN5jJf.jpg", "storage": "django.core.files.storage.FileSystemStorage", "size": [1280, 853]}
sorl-thumbnail||image||601a62e67b8889efb319a096f30e71fd	{"name": "cache/23/08/23087ede0c897e34cbebcedfc416e795.jpg", "storage": "django.core.files.storage.FileSystemStorage", "size": [960, 339]}
sorl-thumbnail||thumbnails||0cdb80d30fd70a29f30fb9bb86e846d0	["601a62e67b8889efb319a096f30e71fd"]
sorl-thumbnail||image||0c92a982ab927cf374e3b764ae13cbd1	{"name": "posts/Screenshot_2021-09-23_at_15.30.00_pJnouOI.png", "storage": "django.core.files.storage.FileSystemStorage", "size": [1268, 1138]}
sorl-thumbnail||image||1c95979544b62175a5f974fbb0f847d5	{"name": "cache/0d/9f/0d9fb31857a0aeef84f6a684b78248c0.jpg", "storage": "django.core.files.storage.FileSystemStorage", "size": [960, 339]}
sorl-thumbnail||thumbnails||0c92a982ab927cf374e3b764ae13cbd1	["1c95979544b62175a5f974fbb0f847d5"]
sorl-thumbnail||image||ab898f8061fba92eb7fc242e36fa051e	{"name": "posts/9DCCE760-D9D9-4A2F-8ABB-B3D995914C7D_I8ihyLb.jpeg", "storage": "django.core.files.storage.FileSystemStorage", "size": [1000, 681]}
sorl-thumbnail||image||23e3bf73c58310ea11bc8b3fddd4e2bf	{"name": "cache/e2/cb/e2cb3baf3ec47e233d2764b1b281f806.jpg", "storage": "django.core.files.storage.FileSystemStorage", "size": [960, 339]}
sorl-thumbnail||thumbnails||ab898f8061fba92eb7fc242e36fa051e	["23e3bf73c58310ea11bc8b3fddd4e2bf"]
sorl-thumbnail||image||35da4363360954b8c457fa72a44828bc	{"name": "posts/Google-Plus-Shut-Down_VdCvkYt.jpeg", "storage": "django.core.files.storage.FileSystemStorage", "size": [1160, 760]}
sorl-thumbnail||image||5e559ce3f881e83d5365669f687ea237	{"name": "cache/3b/b0/3bb0228f3695ffde18e53ac8499f3a29.jpg", "storage": "django.core.files.storage.FileSystemStorage", "size": [960, 339]}
sorl-thumbnail||thumbnails||35da4363360954b8c457fa72a44828bc	["5e559ce3f881e83d5365669f687ea237"]
sorl-thumbnail||image||b98871a443e83d07b1aa0f7457cf2632	{"name": "posts/ASLANPRIVET_kI051OX.png", "storage": "django.core.files.storage.FileSystemStorage", "size": [1280, 840]}
sorl-thumbnail||image||b6231db5c7fabebe2eb4ba9a600322ea	{"name": "cache/81/ec/81ecd1f4f22ade651edcd1cd92fbe0d5.jpg", "storage": "django.core.files.storage.FileSystemStorage", "size": [960, 339]}
sorl-thumbnail||thumbnails||b98871a443e83d07b1aa0f7457cf2632	["b6231db5c7fabebe2eb4ba9a600322ea"]
sorl-thumbnail||image||115ee2a434cfd6d9fa2fe2c873a5c986	{"name": "posts/download_1_bb5lnaM.png", "storage": "django.core.files.storage.FileSystemStorage", "size": [225, 225]}
sorl-thumbnail||image||73a313577f0bceee58a4de9abb43f4d1	{"name": "cache/a9/d9/a9d99ef37678e9a9e060cb2a3f31ed9b.jpg", "storage": "django.core.files.storage.FileSystemStorage", "size": [960, 339]}
sorl-thumbnail||thumbnails||115ee2a434cfd6d9fa2fe2c873a5c986	["73a313577f0bceee58a4de9abb43f4d1"]
\.


--
-- Name: auth_group_id_seq; Type: SEQUENCE SET; Schema: public; Owner: aslan
--

SELECT pg_catalog.setval('public.auth_group_id_seq', 1, false);


--
-- Name: auth_group_permissions_id_seq; Type: SEQUENCE SET; Schema: public; Owner: aslan
--

SELECT pg_catalog.setval('public.auth_group_permissions_id_seq', 1, false);


--
-- Name: auth_permission_id_seq; Type: SEQUENCE SET; Schema: public; Owner: aslan
--

SELECT pg_catalog.setval('public.auth_permission_id_seq', 44, true);


--
-- Name: auth_user_groups_id_seq; Type: SEQUENCE SET; Schema: public; Owner: aslan
--

SELECT pg_catalog.setval('public.auth_user_groups_id_seq', 1, false);


--
-- Name: auth_user_id_seq; Type: SEQUENCE SET; Schema: public; Owner: aslan
--

SELECT pg_catalog.setval('public.auth_user_id_seq', 11, true);


--
-- Name: auth_user_user_permissions_id_seq; Type: SEQUENCE SET; Schema: public; Owner: aslan
--

SELECT pg_catalog.setval('public.auth_user_user_permissions_id_seq', 1, false);


--
-- Name: django_admin_log_id_seq; Type: SEQUENCE SET; Schema: public; Owner: aslan
--

SELECT pg_catalog.setval('public.django_admin_log_id_seq', 408, true);


--
-- Name: django_content_type_id_seq; Type: SEQUENCE SET; Schema: public; Owner: aslan
--

SELECT pg_catalog.setval('public.django_content_type_id_seq', 11, true);


--
-- Name: django_migrations_id_seq; Type: SEQUENCE SET; Schema: public; Owner: aslan
--

SELECT pg_catalog.setval('public.django_migrations_id_seq', 39, true);


--
-- Name: posts_comment_id_seq; Type: SEQUENCE SET; Schema: public; Owner: aslan
--

SELECT pg_catalog.setval('public.posts_comment_id_seq', 131, true);


--
-- Name: posts_follow_id_seq; Type: SEQUENCE SET; Schema: public; Owner: aslan
--

SELECT pg_catalog.setval('public.posts_follow_id_seq', 655, true);


--
-- Name: posts_group_id_seq; Type: SEQUENCE SET; Schema: public; Owner: aslan
--

SELECT pg_catalog.setval('public.posts_group_id_seq', 3, true);


--
-- Name: posts_post_id_seq; Type: SEQUENCE SET; Schema: public; Owner: aslan
--

SELECT pg_catalog.setval('public.posts_post_id_seq', 141, true);


--
-- Name: auth_group auth_group_name_key; Type: CONSTRAINT; Schema: public; Owner: aslan
--

ALTER TABLE ONLY public.auth_group
    ADD CONSTRAINT auth_group_name_key UNIQUE (name);


--
-- Name: auth_group_permissions auth_group_permissions_group_id_permission_id_0cd325b0_uniq; Type: CONSTRAINT; Schema: public; Owner: aslan
--

ALTER TABLE ONLY public.auth_group_permissions
    ADD CONSTRAINT auth_group_permissions_group_id_permission_id_0cd325b0_uniq UNIQUE (group_id, permission_id);


--
-- Name: auth_group_permissions auth_group_permissions_pkey; Type: CONSTRAINT; Schema: public; Owner: aslan
--

ALTER TABLE ONLY public.auth_group_permissions
    ADD CONSTRAINT auth_group_permissions_pkey PRIMARY KEY (id);


--
-- Name: auth_group auth_group_pkey; Type: CONSTRAINT; Schema: public; Owner: aslan
--

ALTER TABLE ONLY public.auth_group
    ADD CONSTRAINT auth_group_pkey PRIMARY KEY (id);


--
-- Name: auth_permission auth_permission_content_type_id_codename_01ab375a_uniq; Type: CONSTRAINT; Schema: public; Owner: aslan
--

ALTER TABLE ONLY public.auth_permission
    ADD CONSTRAINT auth_permission_content_type_id_codename_01ab375a_uniq UNIQUE (content_type_id, codename);


--
-- Name: auth_permission auth_permission_pkey; Type: CONSTRAINT; Schema: public; Owner: aslan
--

ALTER TABLE ONLY public.auth_permission
    ADD CONSTRAINT auth_permission_pkey PRIMARY KEY (id);


--
-- Name: auth_user_groups auth_user_groups_pkey; Type: CONSTRAINT; Schema: public; Owner: aslan
--

ALTER TABLE ONLY public.auth_user_groups
    ADD CONSTRAINT auth_user_groups_pkey PRIMARY KEY (id);


--
-- Name: auth_user_groups auth_user_groups_user_id_group_id_94350c0c_uniq; Type: CONSTRAINT; Schema: public; Owner: aslan
--

ALTER TABLE ONLY public.auth_user_groups
    ADD CONSTRAINT auth_user_groups_user_id_group_id_94350c0c_uniq UNIQUE (user_id, group_id);


--
-- Name: auth_user auth_user_pkey; Type: CONSTRAINT; Schema: public; Owner: aslan
--

ALTER TABLE ONLY public.auth_user
    ADD CONSTRAINT auth_user_pkey PRIMARY KEY (id);


--
-- Name: auth_user_user_permissions auth_user_user_permissions_pkey; Type: CONSTRAINT; Schema: public; Owner: aslan
--

ALTER TABLE ONLY public.auth_user_user_permissions
    ADD CONSTRAINT auth_user_user_permissions_pkey PRIMARY KEY (id);


--
-- Name: auth_user_user_permissions auth_user_user_permissions_user_id_permission_id_14a6b632_uniq; Type: CONSTRAINT; Schema: public; Owner: aslan
--

ALTER TABLE ONLY public.auth_user_user_permissions
    ADD CONSTRAINT auth_user_user_permissions_user_id_permission_id_14a6b632_uniq UNIQUE (user_id, permission_id);


--
-- Name: auth_user auth_user_username_key; Type: CONSTRAINT; Schema: public; Owner: aslan
--

ALTER TABLE ONLY public.auth_user
    ADD CONSTRAINT auth_user_username_key UNIQUE (username);


--
-- Name: django_admin_log django_admin_log_pkey; Type: CONSTRAINT; Schema: public; Owner: aslan
--

ALTER TABLE ONLY public.django_admin_log
    ADD CONSTRAINT django_admin_log_pkey PRIMARY KEY (id);


--
-- Name: django_content_type django_content_type_app_label_model_76bd3d3b_uniq; Type: CONSTRAINT; Schema: public; Owner: aslan
--

ALTER TABLE ONLY public.django_content_type
    ADD CONSTRAINT django_content_type_app_label_model_76bd3d3b_uniq UNIQUE (app_label, model);


--
-- Name: django_content_type django_content_type_pkey; Type: CONSTRAINT; Schema: public; Owner: aslan
--

ALTER TABLE ONLY public.django_content_type
    ADD CONSTRAINT django_content_type_pkey PRIMARY KEY (id);


--
-- Name: django_migrations django_migrations_pkey; Type: CONSTRAINT; Schema: public; Owner: aslan
--

ALTER TABLE ONLY public.django_migrations
    ADD CONSTRAINT django_migrations_pkey PRIMARY KEY (id);


--
-- Name: django_session django_session_pkey; Type: CONSTRAINT; Schema: public; Owner: aslan
--

ALTER TABLE ONLY public.django_session
    ADD CONSTRAINT django_session_pkey PRIMARY KEY (session_key);


--
-- Name: posts_comment posts_comment_pkey; Type: CONSTRAINT; Schema: public; Owner: aslan
--

ALTER TABLE ONLY public.posts_comment
    ADD CONSTRAINT posts_comment_pkey PRIMARY KEY (id);


--
-- Name: posts_follow posts_follow_pkey; Type: CONSTRAINT; Schema: public; Owner: aslan
--

ALTER TABLE ONLY public.posts_follow
    ADD CONSTRAINT posts_follow_pkey PRIMARY KEY (id);


--
-- Name: posts_group posts_group_pkey; Type: CONSTRAINT; Schema: public; Owner: aslan
--

ALTER TABLE ONLY public.posts_group
    ADD CONSTRAINT posts_group_pkey PRIMARY KEY (id);


--
-- Name: posts_group posts_group_slug_key; Type: CONSTRAINT; Schema: public; Owner: aslan
--

ALTER TABLE ONLY public.posts_group
    ADD CONSTRAINT posts_group_slug_key UNIQUE (slug);


--
-- Name: posts_post posts_post_pkey; Type: CONSTRAINT; Schema: public; Owner: aslan
--

ALTER TABLE ONLY public.posts_post
    ADD CONSTRAINT posts_post_pkey PRIMARY KEY (id);


--
-- Name: thumbnail_kvstore thumbnail_kvstore_pkey; Type: CONSTRAINT; Schema: public; Owner: aslan
--

ALTER TABLE ONLY public.thumbnail_kvstore
    ADD CONSTRAINT thumbnail_kvstore_pkey PRIMARY KEY (key);


--
-- Name: auth_group_name_a6ea08ec_like; Type: INDEX; Schema: public; Owner: aslan
--

CREATE INDEX auth_group_name_a6ea08ec_like ON public.auth_group USING btree (name varchar_pattern_ops);


--
-- Name: auth_group_permissions_group_id_b120cbf9; Type: INDEX; Schema: public; Owner: aslan
--

CREATE INDEX auth_group_permissions_group_id_b120cbf9 ON public.auth_group_permissions USING btree (group_id);


--
-- Name: auth_group_permissions_permission_id_84c5c92e; Type: INDEX; Schema: public; Owner: aslan
--

CREATE INDEX auth_group_permissions_permission_id_84c5c92e ON public.auth_group_permissions USING btree (permission_id);


--
-- Name: auth_permission_content_type_id_2f476e4b; Type: INDEX; Schema: public; Owner: aslan
--

CREATE INDEX auth_permission_content_type_id_2f476e4b ON public.auth_permission USING btree (content_type_id);


--
-- Name: auth_user_groups_group_id_97559544; Type: INDEX; Schema: public; Owner: aslan
--

CREATE INDEX auth_user_groups_group_id_97559544 ON public.auth_user_groups USING btree (group_id);


--
-- Name: auth_user_groups_user_id_6a12ed8b; Type: INDEX; Schema: public; Owner: aslan
--

CREATE INDEX auth_user_groups_user_id_6a12ed8b ON public.auth_user_groups USING btree (user_id);


--
-- Name: auth_user_user_permissions_permission_id_1fbb5f2c; Type: INDEX; Schema: public; Owner: aslan
--

CREATE INDEX auth_user_user_permissions_permission_id_1fbb5f2c ON public.auth_user_user_permissions USING btree (permission_id);


--
-- Name: auth_user_user_permissions_user_id_a95ead1b; Type: INDEX; Schema: public; Owner: aslan
--

CREATE INDEX auth_user_user_permissions_user_id_a95ead1b ON public.auth_user_user_permissions USING btree (user_id);


--
-- Name: auth_user_username_6821ab7c_like; Type: INDEX; Schema: public; Owner: aslan
--

CREATE INDEX auth_user_username_6821ab7c_like ON public.auth_user USING btree (username varchar_pattern_ops);


--
-- Name: django_admin_log_content_type_id_c4bce8eb; Type: INDEX; Schema: public; Owner: aslan
--

CREATE INDEX django_admin_log_content_type_id_c4bce8eb ON public.django_admin_log USING btree (content_type_id);


--
-- Name: django_admin_log_user_id_c564eba6; Type: INDEX; Schema: public; Owner: aslan
--

CREATE INDEX django_admin_log_user_id_c564eba6 ON public.django_admin_log USING btree (user_id);


--
-- Name: django_session_expire_date_a5c62663; Type: INDEX; Schema: public; Owner: aslan
--

CREATE INDEX django_session_expire_date_a5c62663 ON public.django_session USING btree (expire_date);


--
-- Name: django_session_session_key_c0390e0f_like; Type: INDEX; Schema: public; Owner: aslan
--

CREATE INDEX django_session_session_key_c0390e0f_like ON public.django_session USING btree (session_key varchar_pattern_ops);


--
-- Name: posts_comment_created_37e64f18; Type: INDEX; Schema: public; Owner: aslan
--

CREATE INDEX posts_comment_created_37e64f18 ON public.posts_comment USING btree (created);


--
-- Name: posts_comment_post_id_e81436d7; Type: INDEX; Schema: public; Owner: aslan
--

CREATE INDEX posts_comment_post_id_e81436d7 ON public.posts_comment USING btree (post_id);


--
-- Name: posts_comment_user_id_ad949c47; Type: INDEX; Schema: public; Owner: aslan
--

CREATE INDEX posts_comment_user_id_ad949c47 ON public.posts_comment USING btree (author_id);


--
-- Name: posts_follow_author_id_07282e68; Type: INDEX; Schema: public; Owner: aslan
--

CREATE INDEX posts_follow_author_id_07282e68 ON public.posts_follow USING btree (author_id);


--
-- Name: posts_follow_user_id_0b8e2703; Type: INDEX; Schema: public; Owner: aslan
--

CREATE INDEX posts_follow_user_id_0b8e2703 ON public.posts_follow USING btree (user_id);


--
-- Name: posts_group_slug_838831b4_like; Type: INDEX; Schema: public; Owner: aslan
--

CREATE INDEX posts_group_slug_838831b4_like ON public.posts_group USING btree (slug varchar_pattern_ops);


--
-- Name: posts_post_author_id_fe5487bf; Type: INDEX; Schema: public; Owner: aslan
--

CREATE INDEX posts_post_author_id_fe5487bf ON public.posts_post USING btree (author_id);


--
-- Name: posts_post_created_6da6a35d; Type: INDEX; Schema: public; Owner: aslan
--

CREATE INDEX posts_post_created_6da6a35d ON public.posts_post USING btree (pub_date);


--
-- Name: posts_post_group_id_c91a8485; Type: INDEX; Schema: public; Owner: aslan
--

CREATE INDEX posts_post_group_id_c91a8485 ON public.posts_post USING btree (group_id);


--
-- Name: thumbnail_kvstore_key_3f850178_like; Type: INDEX; Schema: public; Owner: aslan
--

CREATE INDEX thumbnail_kvstore_key_3f850178_like ON public.thumbnail_kvstore USING btree (key varchar_pattern_ops);


--
-- Name: auth_group_permissions auth_group_permissio_permission_id_84c5c92e_fk_auth_perm; Type: FK CONSTRAINT; Schema: public; Owner: aslan
--

ALTER TABLE ONLY public.auth_group_permissions
    ADD CONSTRAINT auth_group_permissio_permission_id_84c5c92e_fk_auth_perm FOREIGN KEY (permission_id) REFERENCES public.auth_permission(id) DEFERRABLE INITIALLY DEFERRED;


--
-- Name: auth_group_permissions auth_group_permissions_group_id_b120cbf9_fk_auth_group_id; Type: FK CONSTRAINT; Schema: public; Owner: aslan
--

ALTER TABLE ONLY public.auth_group_permissions
    ADD CONSTRAINT auth_group_permissions_group_id_b120cbf9_fk_auth_group_id FOREIGN KEY (group_id) REFERENCES public.auth_group(id) DEFERRABLE INITIALLY DEFERRED;


--
-- Name: auth_permission auth_permission_content_type_id_2f476e4b_fk_django_co; Type: FK CONSTRAINT; Schema: public; Owner: aslan
--

ALTER TABLE ONLY public.auth_permission
    ADD CONSTRAINT auth_permission_content_type_id_2f476e4b_fk_django_co FOREIGN KEY (content_type_id) REFERENCES public.django_content_type(id) DEFERRABLE INITIALLY DEFERRED;


--
-- Name: auth_user_groups auth_user_groups_group_id_97559544_fk_auth_group_id; Type: FK CONSTRAINT; Schema: public; Owner: aslan
--

ALTER TABLE ONLY public.auth_user_groups
    ADD CONSTRAINT auth_user_groups_group_id_97559544_fk_auth_group_id FOREIGN KEY (group_id) REFERENCES public.auth_group(id) DEFERRABLE INITIALLY DEFERRED;


--
-- Name: auth_user_groups auth_user_groups_user_id_6a12ed8b_fk_auth_user_id; Type: FK CONSTRAINT; Schema: public; Owner: aslan
--

ALTER TABLE ONLY public.auth_user_groups
    ADD CONSTRAINT auth_user_groups_user_id_6a12ed8b_fk_auth_user_id FOREIGN KEY (user_id) REFERENCES public.auth_user(id) DEFERRABLE INITIALLY DEFERRED;


--
-- Name: auth_user_user_permissions auth_user_user_permi_permission_id_1fbb5f2c_fk_auth_perm; Type: FK CONSTRAINT; Schema: public; Owner: aslan
--

ALTER TABLE ONLY public.auth_user_user_permissions
    ADD CONSTRAINT auth_user_user_permi_permission_id_1fbb5f2c_fk_auth_perm FOREIGN KEY (permission_id) REFERENCES public.auth_permission(id) DEFERRABLE INITIALLY DEFERRED;


--
-- Name: auth_user_user_permissions auth_user_user_permissions_user_id_a95ead1b_fk_auth_user_id; Type: FK CONSTRAINT; Schema: public; Owner: aslan
--

ALTER TABLE ONLY public.auth_user_user_permissions
    ADD CONSTRAINT auth_user_user_permissions_user_id_a95ead1b_fk_auth_user_id FOREIGN KEY (user_id) REFERENCES public.auth_user(id) DEFERRABLE INITIALLY DEFERRED;


--
-- Name: django_admin_log django_admin_log_content_type_id_c4bce8eb_fk_django_co; Type: FK CONSTRAINT; Schema: public; Owner: aslan
--

ALTER TABLE ONLY public.django_admin_log
    ADD CONSTRAINT django_admin_log_content_type_id_c4bce8eb_fk_django_co FOREIGN KEY (content_type_id) REFERENCES public.django_content_type(id) DEFERRABLE INITIALLY DEFERRED;


--
-- Name: django_admin_log django_admin_log_user_id_c564eba6_fk_auth_user_id; Type: FK CONSTRAINT; Schema: public; Owner: aslan
--

ALTER TABLE ONLY public.django_admin_log
    ADD CONSTRAINT django_admin_log_user_id_c564eba6_fk_auth_user_id FOREIGN KEY (user_id) REFERENCES public.auth_user(id) DEFERRABLE INITIALLY DEFERRED;


--
-- Name: posts_comment posts_comment_author_id_795e4d12_fk_auth_user_id; Type: FK CONSTRAINT; Schema: public; Owner: aslan
--

ALTER TABLE ONLY public.posts_comment
    ADD CONSTRAINT posts_comment_author_id_795e4d12_fk_auth_user_id FOREIGN KEY (author_id) REFERENCES public.auth_user(id) DEFERRABLE INITIALLY DEFERRED;


--
-- Name: posts_comment posts_comment_post_id_e81436d7_fk_posts_post_id; Type: FK CONSTRAINT; Schema: public; Owner: aslan
--

ALTER TABLE ONLY public.posts_comment
    ADD CONSTRAINT posts_comment_post_id_e81436d7_fk_posts_post_id FOREIGN KEY (post_id) REFERENCES public.posts_post(id) DEFERRABLE INITIALLY DEFERRED;


--
-- Name: posts_follow posts_follow_author_id_07282e68_fk_auth_user_id; Type: FK CONSTRAINT; Schema: public; Owner: aslan
--

ALTER TABLE ONLY public.posts_follow
    ADD CONSTRAINT posts_follow_author_id_07282e68_fk_auth_user_id FOREIGN KEY (author_id) REFERENCES public.auth_user(id) DEFERRABLE INITIALLY DEFERRED;


--
-- Name: posts_follow posts_follow_user_id_0b8e2703_fk_auth_user_id; Type: FK CONSTRAINT; Schema: public; Owner: aslan
--

ALTER TABLE ONLY public.posts_follow
    ADD CONSTRAINT posts_follow_user_id_0b8e2703_fk_auth_user_id FOREIGN KEY (user_id) REFERENCES public.auth_user(id) DEFERRABLE INITIALLY DEFERRED;


--
-- Name: posts_post posts_post_author_id_fe5487bf_fk_auth_user_id; Type: FK CONSTRAINT; Schema: public; Owner: aslan
--

ALTER TABLE ONLY public.posts_post
    ADD CONSTRAINT posts_post_author_id_fe5487bf_fk_auth_user_id FOREIGN KEY (author_id) REFERENCES public.auth_user(id) DEFERRABLE INITIALLY DEFERRED;


--
-- Name: posts_post posts_post_group_id_c91a8485_fk_posts_group_id; Type: FK CONSTRAINT; Schema: public; Owner: aslan
--

ALTER TABLE ONLY public.posts_post
    ADD CONSTRAINT posts_post_group_id_c91a8485_fk_posts_group_id FOREIGN KEY (group_id) REFERENCES public.posts_group(id) DEFERRABLE INITIALLY DEFERRED;


--
-- PostgreSQL database dump complete
--

